{
    "properties": {
        "P6": "chef de l'exécutif",
        "P7": "frère",
        "P9": "sœur",
        "P10": "vidéo",
        "P14": "panneau d'autoroute",
        "P15": "carte routière",
        "P16": "système d'autoroute",
        "P17": "pays",
        "P18": "image",
        "P19": "lieu de naissance",
        "P20": "lieu de décès",
        "P21": "sexe ou genre",
        "P22": "père",
        "P25": "mère",
        "P26": "conjoint",
        "P27": "pays de nationalité",
        "P30": "continent",
        "P31": "nature de l'élément",
        "P35": "chef d'État",
        "P36": "capitale",
        "P37": "langue officielle",
        "P38": "monnaie",
        "P39": "fonction",
        "P40": "enfant",
        "P41": "drapeau (image)",
        "P43": "beau-père",
        "P44": "belle-mère",
        "P45": "(OBSOLÈTE) grand-parent",
        "P47": "limitrophe de",
        "P50": "auteur",
        "P51": "audio",
        "P53": "famille nobiliaire",
        "P54": "membre de l'équipe de sport",
        "P57": "réalisateur",
        "P58": "scénariste",
        "P59": "constellation",
        "P61": "découvreur ou inventeur",
        "P65": "lieu de découverte astronomique",
        "P66": "foyer ancestral",
        "P69": "scolarité",
        "P78": "domaine internet",
        "P81": "ligne de transport en commun",
        "P84": "architecte",
        "P85": "hymne",
        "P86": "compositeur",
        "P87": "librettiste",
        "P88": "commanditaire",
        "P91": "orientation sexuelle",
        "P92": "principal texte régulateur",
        "P94": "image du blason",
        "P97": "titre de noblesse",
        "P98": "directeur de la publication",
        "P101": "domaine d'activité",
        "P102": "parti politique",
        "P103": "langue maternelle",
        "P105": "rang taxinomique",
        "P106": "profession",
        "P107": "OBSOLÈTE type principal (GND)",
        "P108": "employeur",
        "P109": "signature",
        "P110": "illustrateur",
        "P111": "grandeur physique mesurée",
        "P112": "fondateur",
        "P113": "plate-forme de correspondance aéroportuaire",
        "P114": "alliance aérienne",
        "P115": "stade",
        "P117": "structure chimique",
        "P118": "ligue",
        "P119": "lieu d'enterrement",
        "P121": "avion de la flotte",
        "P122": "régime politique",
        "P123": "éditeur",
        "P126": "maintenance",
        "P127": "propriétaire",
        "P128": "mécanisme biologique régulé",
        "P129": "interagit avec",
        "P131": "situé dans l'entité administrative de",
        "P132": "(OBSOLÈTE) type de division administrative",
        "P134": "dialecte",
        "P135": "mouvement",
        "P136": "genre artistique",
        "P137": "opérateur",
        "P138": "nommé en référence à",
        "P140": "religion",
        "P141": "statut de conservation UICN",
        "P143": "importé de",
        "P144": "basé sur",
        "P149": "style architectural",
        "P150": "subdivisions (division administrative)",
        "P154": "logotype",
        "P155": "précédé par",
        "P156": "suivi par",
        "P157": "tué par",
        "P158": "image du sceau",
        "P159": "siège social",
        "P161": "distribution",
        "P162": "producteur",
        "P163": "drapeau (description)",
        "P166": "distinction",
        "P167": "structure remplacée par",
        "P169": "PDG",
        "P170": "créateur",
        "P171": "taxon supérieur",
        "P172": "groupe ethnique",
        "P175": "interprète",
        "P176": "fabricant",
        "P177": "traverse",
        "P178": "développeur",
        "P179": "série",
        "P180": "dépeint",
        "P181": "carte de répartition",
        "P183": "endémique de",
        "P184": "directeur de thèse",
        "P185": "étudiant de thèse",
        "P186": "matériau",
        "P189": "lieu de découverte",
        "P190": "jumelage",
        "P193": "maître d'œuvre",
        "P194": "assemblée délibérante",
        "P195": "collection",
        "P196": "groupe d'objets mineurs",
        "P197": "gare voisine",
        "P198": "constructeur naval",
        "P199": "branche",
        "P200": "alimentation du lac",
        "P201": "émissaire du lac",
        "P205": "pays riverain",
        "P206": "situé sur ou près de l'étendue d'eau",
        "P207": "carte bathymétrique",
        "P208": "exécutif",
        "P209": "plus haute juridiction",
        "P210": "représentant du parti",
        "P212": "ISBN-13",
        "P213": "identifiant ISNI",
        "P214": "identifiant VIAF",
        "P215": "type spectral",
        "P217": "numéro d'inventaire",
        "P218": "ISO 639-1",
        "P219": "ISO 639-2",
        "P220": "ISO 639-3",
        "P221": "ISO 639-6",
        "P223": "séquence de Hubble",
        "P225": "nom scientifique",
        "P227": "identifiant GND",
        "P229": "code AITA de compagnie aérienne",
        "P230": "code OACI des compagnies aériennes",
        "P231": "numéro CAS",
        "P232": "numéro EINECS",
        "P233": "SMILES",
        "P234": "InChI",
        "P235": "InChIKey",
        "P236": "ISSN",
        "P237": "blasonnement",
        "P238": "code AITA",
        "P239": "code OACI",
        "P240": "code FAA",
        "P241": "branche militaire",
        "P242": "carte de localisation",
        "P243": "identifiant OCLC",
        "P244": "identifiant bibliothèque du Congrès",
        "P245": "identifiant ULAN",
        "P246": "symbole chimique",
        "P247": "identifiant d'un satellite NSSDC",
        "P248": "affirmé dans",
        "P249": "code mnémonique",
        "P263": "résidence officielle",
        "P264": "label discographique",
        "P267": "code ATC",
        "P268": "identifiant BnF",
        "P269": "identifiant IdRef",
        "P270": "identifiant CALIS",
        "P271": "identifiant CiNii",
        "P272": "société de production",
        "P274": "formule chimique",
        "P275": "licence",
        "P276": "lieu",
        "P277": "langage de programmation",
        "P278": "GOST 7.75-97",
        "P279": "sous-classe de",
        "P281": "code postal",
        "P282": "système d'écriture",
        "P286": "entraîneur",
        "P287": "concepteur",
        "P289": "classe de navire",
        "P291": "lieu de publication",
        "P296": "code de gare",
        "P297": "code ISO 3166-1 alpha-2 du pays",
        "P298": "code ISO 3166-1 alpha-3",
        "P299": "ISO 3166-1 numérique",
        "P300": "ISO 3166-2",
        "P301": "sujet de la catégorie",
        "P303": "numéro EE",
        "P304": "page",
        "P305": "code de langue IETF",
        "P306": "système d'exploitation",
        "P344": "directeur de la photographie",
        "P345": "identifiant IMDb",
        "P347": "identifiant Joconde",
        "P348": "version stable",
        "P349": "identifiant Bibliothèque Nationale de la Diète",
        "P350": "identifiant RKDimages",
        "P351": "identifiant d'un gène Entrez",
        "P352": "identifiant UniProt",
        "P353": "symbole de gène",
        "P354": "identifiant d'un gène HGNC",
        "P355": "filiales",
        "P356": "DOI",
        "P357": "titre (OBSOLETE -> P1476)",
        "P358": "discographie",
        "P359": "identifiant Rijksmonument",
        "P360": "liste de",
        "P361": "partie de",
        "P364": "langue originale",
        "P366": "usage",
        "P367": "symbole astronomique",
        "P368": "Bac à sable-Fichier multimédia de Commons",
        "P369": "bac à sable élément",
        "P370": "bac à sable chaîne",
        "P371": "présentateur",
        "P373": "catégorie Commons",
        "P374": "code commune INSEE",
        "P375": "lanceur",
        "P376": "sur le corps astronomique",
        "P377": "SCN",
        "P380": "identifiant Mérimée",
        "P381": "identifiant PBC",
        "P382": "code CBS de municipalité",
        "P387": "citation",
        "P392": "sous-titre",
        "P393": "numéro d'édition",
        "P395": "plaque d'immatriculation",
        "P396": "identifiant SBN",
        "P397": "corps parent",
        "P398": "corps enfant",
        "P399": "compagnon de",
        "P400": "plate-forme",
        "P402": "relation OpenStreetMap",
        "P403": "se jette dans",
        "P404": "mode de jeu",
        "P405": "auteur taxonomique",
        "P406": "album BO",
        "P407": "langue",
        "P408": "moteur",
        "P409": "identifiant NLA",
        "P410": "grade militaire",
        "P411": "étape de canonisation",
        "P412": "tessiture",
        "P413": "position de jeu",
        "P414": "place de cotation",
        "P415": "format radio",
        "P416": "symbole de la quantité",
        "P417": "saint patron",
        "P418": "description du sceau",
        "P421": "fuseau horaire",
        "P423": "tir (gauche/droite)",
        "P424": "code de langue Wikimedia",
        "P425": "domaine de ce métier",
        "P426": "immatriculation de l'aéronef",
        "P427": "taxon type",
        "P428": "abréviation d'auteur en botanique",
        "P429": "code dantai",
        "P432": "indicatif",
        "P433": "numéro",
        "P434": "identifiant MusicBrainz de l'artiste",
        "P435": "identifiant MusicBrainz de l'œuvre",
        "P436": "identifiant MusicBrainz du groupe de sortie",
        "P437": "méthode de distribution",
        "P438": "inscriptions",
        "P439": "numéro de municipalité allemande",
        "P440": "numéro de district allemand",
        "P442": "code de division administrative de la Chine",
        "P443": "prononciation (fichier son)",
        "P444": "note de la critique",
        "P447": "noté par",
        "P448": "site de lancement",
        "P449": "diffuseur original",
        "P450": "mission de l'astronaute",
        "P451": "partenaire",
        "P452": "industrie",
        "P453": "rôle",
        "P454": "identifiant Structurae de la structure",
        "P455": "identifiant Emporis",
        "P457": "texte fondateur",
        "P458": "numéro IMO",
        "P459": "méthode de détermination",
        "P460": "réputé identique à",
        "P461": "contraire",
        "P462": "couleur",
        "P463": "membre de",
        "P464": "NOR",
        "P465": "couleur (triplet hexadécimal sRGB)",
        "P466": "occupant",
        "P467": "législateur",
        "P468": "grade dan/kyu",
        "P469": "lac de barrage",
        "P470": "bannière d'appartenance",
        "P473": "indicatif téléphonique local",
        "P474": "indicatif téléphonique national",
        "P476": "numéro CELEX",
        "P477": "identifiant lieu patrimonial",
        "P478": "volume",
        "P479": "périphérique d'entrée",
        "P480": "identifiant Filmaffinity",
        "P481": "identifiant Palissy",
        "P483": "enregistré à",
        "P484": "code IMA",
        "P485": "localisation des archives",
        "P486": "identifiant MeSH",
        "P487": "caractère Unicode",
        "P488": "président",
        "P489": "description du symbole monétaire",
        "P490": "désignation provisoire",
        "P491": "diagramme d'orbite",
        "P492": "identifiant OMIM",
        "P493": "code CIM-9",
        "P494": "code CIM-10",
        "P495": "pays d'origine",
        "P496": "identifiant ORCID",
        "P497": "identifiant CBDB",
        "P498": "code ISO 4217",
        "P500": "exclave de",
        "P501": "enclavé dans",
        "P502": "identifiant HURDAT",
        "P503": "norme ISO",
        "P504": "port d'attache",
        "P505": "directeur général",
        "P506": "ISO 15924",
        "P507": "Länskod",
        "P508": "identifiant du thésaurus de la BNCF",
        "P509": "cause de décès",
        "P511": "titre honorifique",
        "P512": "diplôme",
        "P513": "nom de naissance (OBSOLÈTE)",
        "P514": "s'imbrique avec",
        "P515": "état de la matière",
        "P516": "origine mécanique de l'énergie",
        "P517": "interaction",
        "P518": "partie concernée",
        "P520": "armement",
        "P521": "destination de service régulier",
        "P522": "type d'orbite",
        "P523": "période d'apparition",
        "P524": "période de disparition",
        "P525": "identifiant de municipalité suédoise",
        "P527": "composé de",
        "P528": "numéro de catalogue",
        "P529": "piste d'aviation",
        "P530": "relation diplomatique",
        "P531": "mission diplomatique envoyée",
        "P532": "quartier d'immatriculation",
        "P533": "cible",
        "P534": "couleur du trait",
        "P535": "identifiant Find a Grave",
        "P536": "identifiant ATP",
        "P537": "macle",
        "P538": "Cassure",
        "P539": "identifiant museofile",
        "P541": "poste en jeu",
        "P542": "officiellement ouvert par",
        "P543": "serment fait par",
        "P545": "torche allumée par",
        "P546": "port d'arrimage",
        "P547": "commémore",
        "P548": "type de version",
        "P549": "identifiant MGP",
        "P550": "ordre de chevalerie",
        "P551": "résidence",
        "P552": "latéralisation",
        "P553": "compte de réseau social sur",
        "P554": "nom de compte sur le réseau social",
        "P555": "bilan en double",
        "P556": "système cristallin",
        "P557": "DiseasesDB",
        "P558": "symbole d’unité",
        "P559": "terminus",
        "P560": "direction",
        "P561": "code OTAN",
        "P562": "banque émettrice",
        "P563": "ICD-O",
        "P564": "bilan en simple",
        "P565": "habitus du cristal",
        "P566": "basionyme",
        "P567": "mur",
        "P568": "toit",
        "P569": "date de naissance",
        "P570": "date de décès",
        "P571": "date de fondation/création",
        "P574": "date de description scientifique",
        "P575": "date de découverte",
        "P576": "date de dissolution",
        "P577": "date de publication",
        "P578": "Bac à sable-TimeValue",
        "P579": "statut IMA",
        "P580": "date de début",
        "P582": "date de fin",
        "P585": "date",
        "P586": "identifiant IPNI (auteur)",
        "P587": "MMSI",
        "P588": "réfrigérant",
        "P589": "groupe ponctuel",
        "P590": "code GNIS",
        "P591": "nomenclature EC",
        "P592": "identifiant ChEMBL",
        "P593": "Homologene ID",
        "P594": "identifiant Gene Ensembl",
        "P595": "IUPHAR ID",
        "P597": "identifiant WTA",
        "P598": "commandement",
        "P599": "identifiant ITF",
        "P600": "identifiant Wine AppDB",
        "P604": "identifiant Medline Plus",
        "P605": "identifiant NUTS",
        "P606": "premier vol",
        "P607": "conflit",
        "P608": "historique des expositions",
        "P609": "localisation du terminus",
        "P610": "point culminant",
        "P611": "ordre religieux",
        "P612": "maison mère",
        "P613": "référence Ordnance Survey",
        "P617": "numéro de chantier",
        "P618": "source d'énergie",
        "P619": "date de lancement du véhicule spatial",
        "P620": "date d'atterrissage du véhicule spatial",
        "P621": "date de déclin d'orbite",
        "P622": "date d'amarrage ou de désamarrage",
        "P624": "système de guidage",
        "P625": "coordonnées géographiques",
        "P626": "Bac à sable - coordonnée géographique",
        "P627": "identifiant UICN",
        "P628": "numéro E",
        "P629": "édition de",
        "P630": "code informatique de la ville de Paris",
        "P631": "ingénieur de structure",
        "P632": "numéro propriété culturelle de Biélorussie",
        "P633": "identifiant RPCQ",
        "P634": "capitaine",
        "P635": "identifiant ISTAT",
        "P636": "voie d'administration",
        "P637": "identiant RefSeq de la protéine",
        "P638": "identifiant PDB",
        "P639": "RNA-ID",
        "P640": "identifiant Léonore",
        "P641": "sport",
        "P642": "de",
        "P643": "Genloc Chr (obsolète, utiliser P1057)",
        "P644": "Genloc Start",
        "P645": "Fin Genloc",
        "P646": "identifiant Freebase",
        "P647": "repêché par",
        "P648": "identifiant Open Library",
        "P649": "identifiant NRHP",
        "P650": "identifiant RKDartists",
        "P651": "identifiant BPN",
        "P652": "identifiant UNII",
        "P653": "identifiant PubMed Health",
        "P654": "direction relative à la position",
        "P655": "traducteur",
        "P656": "RefSeq",
        "P657": "numéro RTECS",
        "P658": "liste des chansons",
        "P659": "assemblage GenLoc",
        "P660": "classification EC",
        "P661": "identifiant ChemSpider",
        "P662": "identifiant PubChem (CID)",
        "P663": "identifiant DSM IV",
        "P664": "organisateur",
        "P665": "identifiant KEGG",
        "P667": "identifiant CISP 2",
        "P668": "identifiant GeneReviews",
        "P669": "voie",
        "P670": "numéro de voirie",
        "P671": "identifiant Mouse Genome Informatics",
        "P672": "arborescence MeSH",
        "P673": "eMedicine",
        "P674": "personnages",
        "P675": "identifiant Google Books",
        "P676": "parolier",
        "P677": "code ÚSOP",
        "P678": "Incertae sedis",
        "P679": "numéro ZVG",
        "P680": "fonction moléculaire",
        "P681": "composant cellulaire",
        "P682": "processus biologique",
        "P683": "identifiant ChEBI",
        "P684": "gène orthologue",
        "P685": "identifiant NCBI",
        "P686": "identifiant Gene Ontology",
        "P687": "identifiant BHL",
        "P688": "synthètise",
        "P689": "affecte",
        "P690": "groupe spatial",
        "P691": "identifiant bibliothèque nationale tchèque",
        "P692": "image du Gene Atlas",
        "P693": "clivage",
        "P694": "synonyme remplacé",
        "P695": "numéro ONU",
        "P696": "neurolex",
        "P697": "ex-auteur du taxon",
        "P698": "identifiant PubMed",
        "P699": "identifiant de Disease Ontology",
        "P700": "code Kemler",
        "P701": "identifiant Dodis",
        "P702": "synthétisé par",
        "P703": "trouvé dans le taxon",
        "P704": "identifiant de transcription Ensembl",
        "P705": "identifiant Ensembl de la protéine",
        "P706": "situé dans l'entité géographique de",
        "P707": "plateforme",
        "P708": "diocèse",
        "P709": "identifiant Historic Scotland",
        "P710": "participant",
        "P711": "Strunz 8",
        "P712": "Strunz 9",
        "P713": "Strunz 10",
        "P714": "Dana 8e édition",
        "P715": "identifiant Drugbank",
        "P716": "identifiant JPL Small-Body",
        "P717": "code d'observatoire du MPC",
        "P718": "identifiant Canmore",
        "P720": "type spectral de l'astéroïde",
        "P721": "identifiant OKATO",
        "P722": "code gare UIC",
        "P723": "identifiant DBNL",
        "P724": "identifiant Internet Archive",
        "P725": "doubleur",
        "P726": "candidat",
        "P727": "identifiant Europeana",
        "P728": "mention de danger SGH",
        "P729": "date de mise en service",
        "P730": "date de retrait",
        "P731": "identifiant Litholex",
        "P732": "identifiant BGS Lexicon",
        "P733": "identifiant DINOloket",
        "P734": "nom de famille",
        "P735": "prénom",
        "P736": "artiste de la pochette de l'album",
        "P737": "influencé par",
        "P738": "influence",
        "P739": "munition",
        "P740": "lieu de fondation",
        "P741": "(OBSOLÈTE) prise de raquette",
        "P742": "pseudonyme",
        "P743": "nom court",
        "P744": "famille d'astéroïdes",
        "P745": "identifiant PBB",
        "P746": "date de disparition",
        "P747": "édition",
        "P748": "nommé par",
        "P749": "société faîtière",
        "P750": "distributeur",
        "P751": "fonctionnalité introduite",
        "P756": "fonctionnalité supprimée",
        "P757": "identifiant Patrimoine mondial",
        "P758": "identifiant Kulturminne",
        "P759": "identifiant ARHP",
        "P760": "identifiant DPLA",
        "P761": "identifiant VISS",
        "P762": "identifiant patrimoine culturel tchèque",
        "P763": "identifiant Répertoire des lieux patrimoniaux de l'Île-du-Prince-Édouard",
        "P764": "identifiant OKTMO",
        "P765": "type de surface",
        "P766": "(OBSOLÈTE)lieu",
        "P767": "collaborateur",
        "P768": "circonscription électorale",
        "P769": "médicament interagit avec",
        "P770": "cause de la destruction",
        "P771": "numéro OFS",
        "P772": "code INE pour les municipalités",
        "P773": "ISO 3166-3",
        "P774": "code FIPS",
        "P775": "code de localité suédoise",
        "P776": "code de zone urbaine mineure de Suède",
        "P777": "code de paroisse civile de Suède",
        "P778": "code de paroisse de l'Église de Suède",
        "P779": "pastoratskod",
        "P780": "signes cliniques",
        "P781": "Sikart",
        "P782": "UAL",
        "P783": "type d'hyménium",
        "P784": "type de chapeau",
        "P785": "type d'attache de l'hyménium",
        "P786": "caractère du stipe",
        "P787": "couleur de sporée",
        "P788": "type écologique de champignon",
        "P789": "comestibilité",
        "P790": "approuvé par",
        "P791": "identifiant ISIL",
        "P792": "chapitre",
        "P793": "événement clé",
        "P794": "comme",
        "P795": "parcourt le long de",
        "P796": "point d'origine",
        "P797": "autorité exécutive",
        "P798": "identifiant militaire",
        "P799": "spécification du Air Ministry",
        "P800": "œuvre",
        "P802": "étudiant",
        "P803": "poste académique",
        "P804": "identifiant GNIS Antarctica",
        "P805": "relation décrite par",
        "P806": "code cadastral",
        "P807": "séparé de",
        "P808": "code Bien de Interés Cultural",
        "P809": "identifiant WDPA",
        "P811": "seconde spécialité d'études",
        "P812": "principale spécialité d'étude",
        "P813": "date de consultation",
        "P814": "catégorie des aires protégées de l'UICN",
        "P815": "identifiant ITIS",
        "P816": "se désintègre spontanément en",
        "P817": "mode de rayonnement radioactif",
        "P818": "identifiant arXiv",
        "P819": "identifiant ADS",
        "P820": "classification arXiv",
        "P821": "identificateur de la BDTC",
        "P822": "mascotte",
        "P823": "orateur",
        "P824": "identifiant Meteoritical Bulletin Database",
        "P825": "dédicacé à",
        "P826": "tonalité",
        "P827": "identifiant BBC",
        "P828": "cause profonde",
        "P829": "identifiant OEIS",
        "P830": "identifiant EOL",
        "P831": "club parent",
        "P832": "jour férié",
        "P833": "pôle d'échanges",
        "P834": "dépôt ferroviaire",
        "P835": "abréviation d'auteur habituelle hors botanique",
        "P836": "GSS code (2011)",
        "P837": "jour de l'année",
        "P838": "identifiant BioLib",
        "P839": "identifiant IMSLP",
        "P840": "lieu du récit",
        "P841": "fête",
        "P842": "identifiant Fossilworks",
        "P843": "code SIRUTA",
        "P844": "code UBIGEO",
        "P845": "identifiant Répertoire des biens patrimoniaux de la Saskatchewan",
        "P846": "identifiant GBIF",
        "P847": "identifiant de la United States Navy",
        "P849": "désignation d'aéronef militaire japonais",
        "P850": "identifiant WoRMS",
        "P852": "note ESRB",
        "P853": "note CERO",
        "P854": "URL",
        "P855": "bac à sable - URL",
        "P856": "site officiel",
        "P857": "identifiant CNKI",
        "P858": "identifiant ESPN SCRUM",
        "P859": "sponsor",
        "P860": "identifiant e-archiv.li",
        "P861": "identifiant premiershiprugby.com",
        "P862": "besoin opérationnel du UK Air Ministry",
        "P863": "identifiant InPhO",
        "P864": "identifiant ACM DL",
        "P865": "identifiant BMLO",
        "P866": "identifiant Perlentaucher",
        "P867": "code métier ROME",
        "P868": "plat traditionnellement associé",
        "P870": "instrumentation musicale",
        "P872": "imprimé par",
        "P873": "point de phase",
        "P874": "classe de danger ONU",
        "P875": "code de classification ONU",
        "P876": "groupe d'emballage ONU",
        "P877": "code NFPA spécial",
        "P878": "avionique",
        "P879": "numéro de fanion",
        "P880": "processeur",
        "P881": "type d'étoile variable",
        "P882": "FIPS 6-4",
        "P883": "FIPS 5-2",
        "P884": "identifiant du registre d'état de l'eau",
        "P885": "source",
        "P886": "LIR",
        "P887": "déterminé par l'heuristique",
        "P888": "JSTOR",
        "P889": "idenfiant Mathematical Reviews",
        "P892": "numéro RFC",
        "P893": "identifiant SSRN",
        "P894": "identifiant zbMath",
        "P897": "désignation d'aéronef de l'armée des États-Unis",
        "P898": "API",
        "P901": "code FIPS 10-4 (pays et régions)",
        "P902": "identifiant DHS",
        "P905": "identifiant PORT",
        "P906": "identifiant SELIBR",
        "P907": "identifiant AMG Game",
        "P908": "classification PEGI",
        "P909": "identifiant Nova Scotia Register of Historic Places",
        "P910": "catégorie",
        "P911": "code de municipalité d'Afrique du Sud",
        "P912": "équipement",
        "P913": "notation",
        "P914": "classification USK",
        "P915": "lieu du tournage",
        "P916": "cote GSRR",
        "P917": "indice GRAU",
        "P918": "Code CNP",
        "P919": "SOC Occupation Code",
        "P920": "sujet, pour les bibliothèques publiques d'Espagne",
        "P921": "sujet de l'œuvre",
        "P922": "effet magnétique",
        "P923": "examens possibles",
        "P924": "traitements possibles",
        "P925": "connection pré-synaptique",
        "P926": "connection post-synaptique",
        "P927": "région anatomique",
        "P928": "neuro-transmetteur activateur",
        "P929": "espace de couleurs",
        "P930": "type d'électrification",
        "P931": "ville desservie",
        "P932": "PMCID",
        "P933": "identifiant heritagefoundation.ca",
        "P935": "galerie Commons",
        "P937": "localisation des activités",
        "P938": "identifiant espèce FishBase",
        "P939": "code KSH",
        "P940": "phrase de précaution SGH",
        "P941": "inspiré de",
        "P942": "thème musical",
        "P943": "programmeur",
        "P944": "code de nomenclature",
        "P945": "allégeance",
        "P946": "identifiant ISIN",
        "P947": "identifiant RSL",
        "P948": "bannière Wikivoyage",
        "P949": "identifiant NLI",
        "P950": "identifiant BNE",
        "P951": "identifiant NSZL",
        "P952": "code CITP",
        "P953": "texte intégral disponible sur",
        "P954": "identifiant IBNR",
        "P957": "ISBN-10",
        "P958": "référence de document",
        "P959": "identifiant MSW",
        "P960": "identifiant Tropicos",
        "P961": "identifiant IPNI",
        "P962": "identifiant MycoBank",
        "P963": "url du média",
        "P964": "code municipal autrichien",
        "P965": "numéro de division",
        "P966": "identifiant MusicBrainz de label",
        "P967": "invité d'honneur",
        "P968": "courriel",
        "P969": "rue",
        "P970": "fonction neurologique",
        "P971": "sujets de la catégorie",
        "P972": "catalogue",
        "P973": "décrit à l'URL",
        "P974": "affluent",
        "P980": "code de résidence secondaire (Suède)",
        "P981": "BAG-code pour les villes néerlandaises",
        "P982": "identifiant MusicBrainz de lieu",
        "P984": "code pays du CIO",
        "P988": "code PSGC",
        "P989": "fichier audio de l'élément",
        "P990": "enregistrement vocal",
        "P991": "élu",
        "P993": "code NFPA santé",
        "P994": "code NFPA feu",
        "P995": "code NFPA réactivité",
        "P996": "fac-similé",
        "P998": "dmoz",
        "P999": "ARICNS",
        "P1000": "détient le record",
        "P1001": "appartient à la juridiction",
        "P1002": "architecture du moteur",
        "P1003": "identifiant BNR/NLR",
        "P1004": "identifiant MusicBrainz Place",
        "P1005": "identifiant PTBNP",
        "P1006": "identifiant NTA",
        "P1007": "identifiant Plateforme Lattes",
        "P1010": "Iran statistics ID",
        "P1011": "non pris en compte",
        "P1012": "pris en compte",
        "P1013": "critère utilisé",
        "P1014": "identifiant Art & Architecture Thesaurus",
        "P1015": "identifiant BIBSYS",
        "P1016": "taxonomie de l'astéroïde",
        "P1017": "identifiant BAV",
        "P1018": "institution de normalisation",
        "P1019": "url  de syndication de contenu",
        "P1021": "code métier KldB 2010",
        "P1022": "code métier CNO-11",
        "P1023": "code métier SBC-2010",
        "P1024": "code métier SBFI",
        "P1025": "identifiant SUDOC (éditions)",
        "P1026": "thèse de doctorat",
        "P1027": "décerné par",
        "P1028": "donné par",
        "P1029": "équipage",
        "P1030": "feu maritime",
        "P1031": "référence législative",
        "P1032": "système de mesures techniques de protection",
        "P1033": "terme de signalement SGH",
        "P1034": "source principale de nourriture",
        "P1035": "titre de civilité",
        "P1036": "classification décimale de Dewey",
        "P1037": "manager/directeur",
        "P1038": "parent",
        "P1039": "type de parenté",
        "P1040": "monteur",
        "P1041": "socket supporté",
        "P1042": "identifiant ZDB",
        "P1043": "code métier IDEO",
        "P1044": "SWB",
        "P1045": "identifiant Sycomore",
        "P1046": "méthode de découverte",
        "P1047": "identifiant Catholic Hierarchy",
        "P1048": "identifiant NCL",
        "P1049": "vénéré par",
        "P1050": "affection médicale",
        "P1051": "identifiant PSH",
        "P1052": "code métier portugais CPP-2010",
        "P1053": "identifiant ResearcherID",
        "P1054": "numéro d'édition NDL",
        "P1055": "identifiant NLM",
        "P1056": "produit",
        "P1057": "chromosome",
        "P1058": "identifiant ERA",
        "P1059": "identifiant CVR",
        "P1060": "processus de transmission pathogène",
        "P1064": "écartement des rails",
        "P1065": "archive de l'URL",
        "P1066": "élève de",
        "P1067": "code d'unité administrative de Thaïlande",
        "P1068": "jeu d'instructions",
        "P1069": "DISCO-08",
        "P1070": "identifiant The Plant List",
        "P1071": "lieu de fabrication",
        "P1072": "format de fichier pouvant être lu",
        "P1073": "format de fichier pouvant être écrit",
        "P1074": "analogue fictionnel de",
        "P1075": "recteur",
        "P1076": "identifiant ICTV du virus",
        "P1077": "identifiant KOATUU",
        "P1078": "configuration de la commande des soupapes",
        "P1079": "service de lancement",
        "P1080": "tiré de l'univers de fiction",
        "P1081": "indice de développement humain",
        "P1082": "population",
        "P1083": "capacité",
        "P1084": "identifiant EUL",
        "P1085": "identifiant LibraryThing",
        "P1086": "numéro atomique",
        "P1087": "points ELO",
        "P1088": "dureté Mohs",
        "P1090": "décalage vers le rouge",
        "P1092": "quantité produite",
        "P1093": "jauge brute",
        "P1096": "excentricité orbitale",
        "P1097": "facteur de Landé",
        "P1098": "nombre de locuteurs",
        "P1099": "nombre de mâts",
        "P1100": "nombre de cylindres",
        "P1101": "nombre de niveaux au dessus du sol",
        "P1102": "aplatissement",
        "P1103": "nombre de quais",
        "P1104": "nombre de pages",
        "P1106": "bac à sable quantité",
        "P1107": "proportion",
        "P1108": "électronégativité",
        "P1109": "indice de réfraction",
        "P1110": "nombre de spectateurs",
        "P1111": "voix reçues",
        "P1112": "numéro dans le Pokédex",
        "P1113": "taille",
        "P1114": "nombre",
        "P1115": "code ATVK",
        "P1116": "identifiant Kallikratis",
        "P1117": "pKa",
        "P1118": "rang en simple",
        "P1119": "rang en double",
        "P1120": "nombre de décès",
        "P1121": "état d'oxydation",
        "P1122": "spin",
        "P1123": "parité",
        "P1124": "Équivalent vingt pieds",
        "P1125": "coefficient de Gini",
        "P1126": "nombre quantique de l'isospin",
        "P1127": "composante z de l'isospin",
        "P1128": "employés",
        "P1129": "nombre de capes internationales",
        "P1130": "nombre de titres remportés en double",
        "P1131": "nombre de titres remportés en simple",
        "P1132": "nombre de participants",
        "P1133": "identifiant DGO4",
        "P1134": "situé dans",
        "P1135": "statut de la nomenclature",
        "P1136": "résolu par",
        "P1137": "fossiles trouvés",
        "P1138": "identifiant Kunstindeks",
        "P1139": "niveaux de sous-sol",
        "P1140": "identifiant EHAK",
        "P1141": "nombre de coeurs",
        "P1142": "idéologie politique",
        "P1143": "identifiant BN (Argentine)",
        "P1144": "LoC éditions",
        "P1145": "point de Lagrange",
        "P1146": "identifiant IAAF",
        "P1148": "nombre de neutrons",
        "P1149": "classe pour la Bibliothèque du Congrès",
        "P1150": "classification Regensburg",
        "P1151": "portail",
        "P1152": "code de sujet IPTC",
        "P1153": "code d'auteur dans Scopus",
        "P1154": "EID Scopus",
        "P1155": "identifiant d'affiliation Scopus",
        "P1156": "identifant de source Scopus",
        "P1157": "code Bio du Congrès des USA",
        "P1158": "site d'atterrissage",
        "P1159": "CODEN",
        "P1160": "abbréviation ISO 4",
        "P1161": "abbréviation Z39.5",
        "P1162": "abbréviation Bluebook",
        "P1163": "type de média Internet",
        "P1164": "cardinalité du groupe",
        "P1165": "monde d'origine",
        "P1167": "identifiant USB",
        "P1168": "code de municipalité du Danemark",
        "P1170": "signal transmis",
        "P1171": "approximé par",
        "P1172": "Geokod",
        "P1174": "nombre de visiteurs par an",
        "P1181": "valeur numérique",
        "P1182": "identifiant LIBRIS",
        "P1183": "code Gewässerkennzahl",
        "P1184": "handle",
        "P1185": "identifiant Rodovid",
        "P1186": "identifiant Député européen",
        "P1187": "ID de personne Dharma Drum Buddhist College",
        "P1188": "ID de lieu Dharma Drum Buddhist College",
        "P1189": "classification des bibliothèques Chinoises",
        "P1190": "classification décimale universelle",
        "P1191": "première représentation",
        "P1192": "service de transport",
        "P1193": "prévalence",
        "P1194": "signal capté",
        "P1195": "extension de fichier",
        "P1196": "circonstances du décès",
        "P1198": "taux de chômage",
        "P1199": "mode de transmission",
        "P1200": "catégorie du bassin hydrogaphique",
        "P1201": "remorqueur spatial",
        "P1202": "instruments embarqués",
        "P1203": "identifiant de municipalité finnois",
        "P1204": "sujet du portail",
        "P1207": "identifiant NUKAT",
        "P1208": "International Standard Music Number",
        "P1209": "CN",
        "P1210": "système de suralimentation",
        "P1211": "type d'alimentation en carburant",
        "P1212": "identifiant Atlas",
        "P1213": "identifiant NLC",
        "P1214": "identifiant Riksdag",
        "P1215": "magnitude apparente",
        "P1216": "identifiant English Heritage",
        "P1217": "IBDB venue ID",
        "P1218": "IBDB production ID",
        "P1219": "IBDB show ID",
        "P1220": "IBDB person ID",
        "P1221": "type de compresseur",
        "P1222": "ID de personne de la NARA",
        "P1223": "ID d'organisation de la NARA",
        "P1224": "ID géographique de la NARA",
        "P1225": "ID des sujets contemporains de la NARA",
        "P1226": "ID des types d'enregistrement de la NARA",
        "P1227": "filtre astronomique",
        "P1228": "Code Geographique Standard des Philippines",
        "P1229": "identifiant Openpolis",
        "P1230": "Code de revue JSTOR",
        "P1231": "ID de document de la NARA",
        "P1232": "identifiant  Linguist list",
        "P1233": "identifiant auteur ISFDB",
        "P1234": "identifiant publication ISFDB",
        "P1235": "identifiant série ISFDB",
        "P1236": "code Parsons",
        "P1237": "identifiant Box Office Mojo",
        "P1238": "ID de l'Association Suédoise de Football",
        "P1239": "identifiant maison d'édition ISFDB",
        "P1240": "niveau de l'Indicateur Bibliométrique de Recherche Danois",
        "P1241": "Identifiant de club de l'Association Suisse de Football",
        "P1242": "ID de pièce Theatricalia",
        "P1243": "International Standard Recording Code",
        "P1244": "numéro de téléphone (URL)",
        "P1245": "sens défini OmegaWiki",
        "P1246": "numéro de brevet",
        "P1247": "taux de compression",
        "P1248": "identifiant KulturNav",
        "P1249": "première mention écrite",
        "P1250": "indicateur Danois bibliométrique de recherche (BFI) SNO/CNO",
        "P1251": "identifiant ABS ASCL",
        "P1252": "identifiant AUSTLANG",
        "P1253": "identifiant BCU écrivain vaudois",
        "P1254": "identifiant Slovenska biografija",
        "P1255": "identifiant Helveticarchives",
        "P1256": "identifiant Iconclass",
        "P1257": "élément Iconclass représenté",
        "P1258": "identifiant Rotten Tomatoes",
        "P1259": "coordonnées du point de vue",
        "P1260": "identifiant K-samsök",
        "P1261": "Rundata",
        "P1262": "RAÄ-nummer",
        "P1263": "identifiant NNDB",
        "P1264": "période applicable",
        "P1265": "identifiant AlloCiné titre",
        "P1266": "identifiant AlloCiné nom",
        "P1267": "identifiant AlloCiné série",
        "P1268": "organisation représentée",
        "P1269": "aspect de",
        "P1270": "Norway Database for Statistics on Higher education periodical ID",
        "P1271": "Norway Database for Statistics on Higher education publisher ID",
        "P1272": "Norway Import Service and Registration Authority periodical code",
        "P1273": "identifiant CANTIC",
        "P1274": "ISFDB title ID",
        "P1275": "Norway Import Service and Registration Authority publisher code",
        "P1276": "identifiant DIJU",
        "P1277": "identifiant Jufo",
        "P1278": "Identifiant légal d'une entité",
        "P1279": "taux d'inflation",
        "P1280": "identifiant CONOR",
        "P1281": "WOEID",
        "P1282": "clé et étiquette OpenStreetMap",
        "P1283": "filmographie",
        "P1284": "identifiant Munzinger",
        "P1285": "Munzinger Sport",
        "P1286": "Munzinger Pop",
        "P1287": "KDG Komponisten der Gegenwart",
        "P1288": "KLG Kritisches Lexikon der Gegenwartsliteratur",
        "P1289": "KLfG Kritisches Lexikon der fremdsprachigen Gegenwartsliteratur",
        "P1290": "parrain/marraine",
        "P1291": "identifiant Auteurs de Suisse (ADS)",
        "P1292": "identifiant DNB (éditions)",
        "P1293": "Royal Aero Club Aviator's Certificate ID",
        "P1294": "code eco-région WWF",
        "P1295": "émissivité",
        "P1296": "identifiant GEC",
        "P1297": "IRS Employer Identification Number",
        "P1299": "est dépeint par",
        "P1300": "bibcode",
        "P1301": "nombre d'ascenseurs",
        "P1302": "principales destinations",
        "P1303": "instrument",
        "P1304": "banque centrale",
        "P1305": "identifiant Skyscraper Center",
        "P1306": "code de gare chinoise",
        "P1307": "identifiant du Parlement suisse",
        "P1308": "titulaire",
        "P1309": "identifiant EGAXA",
        "P1310": "contesté par",
        "P1311": "identifiant lostbridges.org",
        "P1312": "polytope de facette",
        "P1313": "poste occupé par le chef de l'exécutif",
        "P1314": "nombre de travées",
        "P1315": "identifiant NLA party",
        "P1316": "SMDB ID",
        "P1317": "floruit",
        "P1318": "prouvé ou démontré par",
        "P1319": "date (limite inférieure)",
        "P1320": "OpenCorporates ID",
        "P1321": "lieu d'origine (Suisse)",
        "P1322": "dual de",
        "P1323": "Terminologia Anatomica 98",
        "P1324": "dépôt du code source",
        "P1325": "site externe de données",
        "P1326": "date (limite supérieure)",
        "P1327": "partenaire professionnel ou sportif",
        "P1329": "numéro de téléphone",
        "P1330": "identifiant instrument MusicBrainz",
        "P1331": "identifiant de l'Assemblée parlementaire du Conseil de l'Europe",
        "P1332": "point le plus au nord",
        "P1333": "point le plus au sud",
        "P1334": "point le plus à l'est",
        "P1335": "point le plus à l'ouest",
        "P1336": "territoire revendiqué par",
        "P1338": "EPSG ID",
        "P1339": "nombre de blessés",
        "P1340": "couleur des yeux",
        "P1341": "identifiant Chambre des députés",
        "P1342": "nombre de sièges",
        "P1343": "décrit par",
        "P1344": "participant à",
        "P1345": "nombre de victimes",
        "P1346": "vainqueur",
        "P1347": "classification militaire des victimes",
        "P1348": "URL AlgaeBase",
        "P1349": "ploïdie",
        "P1350": "nombre de matchs joués",
        "P1351": "score/nombre de points marqués dans un match",
        "P1352": "rang/classement",
        "P1353": "orthographe originale",
        "P1354": "dépeint avec les attributs",
        "P1355": "parties gagnées",
        "P1356": "parties perdues",
        "P1357": "parties à égalité",
        "P1358": "Total de points marqués",
        "P1359": "nombre de points/buts concédés",
        "P1360": "numéro de particule Monte Carlo",
        "P1361": "Anime News Network ID",
        "P1362": "Dictionnaire du théâtre en Suisse",
        "P1363": "point/but marqué par",
        "P1364": "ITTF ID",
        "P1365": "a remplacé",
        "P1366": "remplacé par",
        "P1367": "identifiant BBC Your Paintings",
        "P1368": "identifiant LNB",
        "P1369": "numéro d'enregistrement du patrimoine national iranien",
        "P1370": "code IHSI",
        "P1371": "identifiant ASI",
        "P1372": "liaison de la bibliothèque",
        "P1373": "nombre de passagers par jour",
        "P1375": "identifiant de la NSK",
        "P1376": "capitale de",
        "P1377": "code gare MTR Hong Kong",
        "P1378": "China railway TMIS station code",
        "P1380": "identifiant uglybridges.com",
        "P1381": "identifiant bridgehunter.com",
        "P1382": "coïncide avec",
        "P1383": "contient la localité",
        "P1385": "identifiant Enciclopédia Açoriana",
        "P1386": "Japanese High School Code",
        "P1387": "allégeance politique",
        "P1388": "Clé des régions allemandes",
        "P1389": "Certificat de produit",
        "P1390": "temps du match auquel un but/point est marqué (minutes)",
        "P1391": "identifiant Index Fungorum",
        "P1392": "identifiant ComicBookDB",
        "P1393": "fondé de pouvoir",
        "P1394": "code Glottolog",
        "P1395": "identifiant NCI",
        "P1396": "code linguasphère",
        "P1397": "identifiant Catalogue d'État des dénominations géographiques",
        "P1398": "construction de substitution",
        "P1399": "inculpé pour",
        "P1400": "FCC Facility ID",
        "P1401": "système de suivi des bogues",
        "P1402": "référence FMA",
        "P1403": "protonyme",
        "P1404": "identifiant World Glacier Inventory",
        "P1406": "direction de l'écriture",
        "P1407": "ID MusicBrainz des séries",
        "P1408": "ville de licence",
        "P1409": "Identifiant Cycling Archives",
        "P1410": "nombre de sièges à la législature",
        "P1411": "nominé pour",
        "P1412": "langue parlée",
        "P1413": "identifiant SFDb",
        "P1414": "bibliothèque d'interface utilisateur",
        "P1415": "identifiant Oxford Dictionary of National Biography",
        "P1416": "affilié à",
        "P1417": "identifiant l'Encyclopædia Britannica en ligne",
        "P1418": "nombre d'orbites effectuées",
        "P1419": "forme géométrique",
        "P1420": "synonyme taxonomique",
        "P1421": "URL GRIN",
        "P1422": "Sandrart.net ID",
        "P1423": "sujet principale d'une plantille",
        "P1424": "modèle principale d'un sujet",
        "P1425": "écorégion (WWF)",
        "P1427": "origine du voyage",
        "P1428": "identifiant Lost Art",
        "P1429": "animal de compagnie",
        "P1430": "identifiant OpenPlaques",
        "P1431": "producteur délégué",
        "P1432": "face B",
        "P1433": "publié dans",
        "P1434": "décrit l'univers de fiction",
        "P1435": "statut patrimonial",
        "P1436": "taille de la collection",
        "P1437": "plaidoyer",
        "P1438": "ID de la Jewish Encyclopedia",
        "P1439": "Identifiant de la filmothèque norvégienne",
        "P1440": "identifiant FIDE",
        "P1441": "présent dans l'œuvre",
        "P1442": "image de la tombe",
        "P1443": "méthode de pointage",
        "P1444": "destination du parcours",
        "P1445": "univers de fiction décrit dans l'œuvre",
        "P1446": "nombre de disparus",
        "P1447": "Identifiant Sports Reference",
        "P1448": "nom officiel",
        "P1449": "surnom",
        "P1450": "bac à sable - texte monolingue",
        "P1451": "énoncé de la devise",
        "P1453": "identifiant catholic.ru",
        "P1454": "forme juridique",
        "P1455": "liste des œuvres",
        "P1456": "liste des monuments",
        "P1457": "magnitude absolue",
        "P1458": "indice de couleur",
        "P1459": "identifiant Cadw",
        "P1460": "identifiant NIEA",
        "P1461": "ID Patientplus",
        "P1462": "organisme de normalisation",
        "P1463": "identifiant d'auteur PRDL",
        "P1464": "catégorie pour les personnes nées à cet endroit",
        "P1465": "catégorie pour les personnes mortes à cet endroit",
        "P1466": "WALS lect code",
        "P1467": "WALS genus code",
        "P1468": "Code de famille WALS",
        "P1469": "Code joueur FIFA",
        "P1470": "maximum glide ratio ",
        "P1471": "reporting mark",
        "P1472": "palette de créateur Commons",
        "P1473": "Nupill Literatura Digital - Author",
        "P1474": "Nupill Literatura Digital - Document",
        "P1476": "titre (texte monolingue)",
        "P1477": "nom de naissance",
        "P1478": "cause immédiate",
        "P1479": "facteur contributif",
        "P1480": "qualité de la référence",
        "P1481": "identifiant vici.org",
        "P1482": "tag Stack Exchange",
        "P1483": "identifiant kulturnoe-nasledie.ru",
        "P1529": "identifiant Glad",
        "P1531": "parents de l'hybride",
        "P1532": "Nationalité sportive",
        "P1533": "nom de famille identique au prénom",
        "P1534": "motif de fin",
        "P1535": "utilisé par",
        "P1536": "immediate cause of",
        "P1537": "contributing factor of",
        "P1538": "nombre de ménages",
        "P1539": "nombre de femmes",
        "P1540": "nombre d'hommes",
        "P1541": "Identifiant Cycling Quotient",
        "P1542": "cause de",
        "P1543": "monogramme",
        "P1544": "Federal Register Document Number",
        "P1545": "ordre dans la série",
        "P1546": "devise",
        "P1547": "dépend de",
        "P1548": "nombre de Strahler maximal",
        "P1549": "gentilé",
        "P1550": "Orphanet ID",
        "P1551": "identifiant Patrimoine exceptionnel de Wallonie",
        "P1552": "caractérisé par",
        "P1553": "Yandex.Music ID",
        "P1554": "UBERON ID",
        "P1555": "numéro de décret présidentiel",
        "P1556": "identifiant d'auteur zbMATH",
        "P1557": "manifestation de",
        "P1558": "indication de tempo",
        "P1559": "nom dans la langue natale de la personne",
        "P1560": "prénom correspondant dans le genre grammatical opposé",
        "P1561": "nombre de survivants",
        "P1562": "identifiant allmovie",
        "P1563": "identifiant MacTutor (biographies)",
        "P1564": "identifiant At the Circulating Library",
        "P1565": "identifiant Enciclopedia de la Literatura en México ",
        "P1566": "identifiant GeoNames",
        "P1567": "code INS",
        "P1568": "domaine",
        "P1569": "nombre d'arêtes",
        "P1570": "nombre de sommets",
        "P1571": "ensemble d'arrivée",
        "P1573": "BBC Genome identifier",
        "P1574": "exemplaire de",
        "P1575": "RISS catalog",
        "P1576": "style de vie",
        "P1577": "numéro Gregory–Aland",
        "P1578": "Gmelin Number",
        "P1579": "Beilstein Registry Number",
        "P1580": "University of Barcelona authority ID",
        "P1581": "blogue officiel",
        "P1582": "produit naturel du taxon",
        "P1583": "MalaCards ID",
        "P1584": "identifiant Pleiades",
        "P1585": "Municipality code of Brazil",
        "P1586": "Catalan object of cultural interest ID",
        "P1587": "Slovene Cultural Heritage Register ID",
        "P1588": "Desa code of Indonesia",
        "P1589": "point le plus bas",
        "P1590": "nombre de  victimes",
        "P1591": "défendeur",
        "P1592": "procureur",
        "P1593": "défenseur",
        "P1594": "juge",
        "P1595": "inculpation",
        "P1596": "condamnation",
        "P1597": "Slovene Cultural Heritage designation",
        "P1598": "consécrateur",
        "P1599": "Cambridge Alumni Database ID",
        "P1600": "Inventaire du patrimoine architectural de Catalogne",
        "P1601": "numéro d'espérantiste",
        "P1602": "BBC Your Paintings venue identifier",
        "P1603": "number of cases",
        "P1604": "biosafety level",
        "P1605": "has natural reservoir",
        "P1606": "natural reservoir of",
        "P1607": "Dialnet author",
        "P1608": "Dialnet book",
        "P1609": "Dialnet journal",
        "P1610": "Dialnet article",
        "P1611": "code OTAN de grade",
        "P1612": "modèle Institution sur Commons",
        "P1613": "Internet Relay Chat",
        "P1614": "History of Parliament ID",
        "P1615": "Identifiant dans la base CLARA",
        "P1616": "numéro SIREN",
        "P1617": "BBC Things identifer",
        "P1618": "squad number",
        "P1619": "date d'ouverture officielle",
        "P1620": "demandeur",
        "P1621": "carte détaillée",
        "P1622": "conduite à",
        "P1624": "Identifiant de port MarineTraffic",
        "P1625": "a une mélodie",
        "P1626": "Thai cultural heritage ID",
        "P1627": "code SIL",
        "P1628": "propriété équivalente",
        "P1629": "élément associé",
        "P1630": "format de l'URL",
        "P1631": "identifiant China Vitae",
        "P1632": "notation de Hermann-Mauguin",
        "P1635": "nom en religion",
        "P1636": "date de baptême",
        "P1637": "train d'atterrissage",
        "P1638": "titre de travail",
        "P1639": "pendant de",
        "P1640": "conservateur",
        "P1641": "port",
        "P1642": "acquisition transaction",
        "P1643": "departure transaction",
        "P1644": "identifiant EgliseInfo",
        "P1645": "identifiant NIST/CODATA",
        "P1646": "qualificatif obligatoire",
        "P1647": "sous-propriété de",
        "P1648": "Dictionary of Welsh Biography ID",
        "P1649": "Korean Movie Database ID",
        "P1650": "BBF identifier",
        "P1651": "YouTube video identifier",
        "P1652": "Arbitre",
        "P1653": "TERYT municipality code",
        "P1654": "configuration d'aile",
        "P1655": "numéro de gare ou station",
        "P1656": "dévoilé par",
        "P1657": "MPAA film rating",
        "P1658": "nombre de faces"
    },
    "missing": [
        "P1",
        "P2",
        "P3",
        "P4",
        "P5",
        "P8",
        "P11",
        "P12",
        "P13",
        "P23",
        "P24",
        "P28",
        "P29",
        "P32",
        "P33",
        "P34",
        "P42",
        "P46",
        "P48",
        "P49",
        "P52",
        "P55",
        "P56",
        "P60",
        "P62",
        "P63",
        "P64",
        "P67",
        "P68",
        "P70",
        "P71",
        "P72",
        "P73",
        "P74",
        "P75",
        "P76",
        "P77",
        "P79",
        "P80",
        "P82",
        "P83",
        "P89",
        "P90",
        "P93",
        "P95",
        "P96",
        "P99",
        "P100",
        "P104",
        "P116",
        "P120",
        "P124",
        "P125",
        "P130",
        "P133",
        "P139",
        "P142",
        "P145",
        "P146",
        "P147",
        "P148",
        "P151",
        "P152",
        "P153",
        "P160",
        "P164",
        "P165",
        "P168",
        "P173",
        "P174",
        "P182",
        "P187",
        "P188",
        "P191",
        "P192",
        "P202",
        "P203",
        "P204",
        "P211",
        "P216",
        "P222",
        "P224",
        "P226",
        "P228",
        "P250",
        "P251",
        "P252",
        "P253",
        "P254",
        "P255",
        "P256",
        "P257",
        "P258",
        "P259",
        "P260",
        "P261",
        "P262",
        "P265",
        "P266",
        "P273",
        "P280",
        "P283",
        "P284",
        "P285",
        "P288",
        "P290",
        "P292",
        "P293",
        "P294",
        "P295",
        "P302",
        "P307",
        "P308",
        "P309",
        "P310",
        "P311",
        "P312",
        "P313",
        "P314",
        "P315",
        "P316",
        "P317",
        "P318",
        "P319",
        "P320",
        "P321",
        "P322",
        "P323",
        "P324",
        "P325",
        "P326",
        "P327",
        "P328",
        "P329",
        "P330",
        "P331",
        "P332",
        "P333",
        "P334",
        "P335",
        "P336",
        "P337",
        "P338",
        "P339",
        "P340",
        "P341",
        "P342",
        "P343",
        "P346",
        "P362",
        "P363",
        "P365",
        "P372",
        "P378",
        "P379",
        "P383",
        "P384",
        "P385",
        "P386",
        "P388",
        "P389",
        "P390",
        "P391",
        "P394",
        "P401",
        "P419",
        "P420",
        "P422",
        "P430",
        "P431",
        "P441",
        "P445",
        "P446",
        "P456",
        "P471",
        "P472",
        "P475",
        "P482",
        "P499",
        "P510",
        "P519",
        "P526",
        "P540",
        "P544",
        "P572",
        "P573",
        "P581",
        "P583",
        "P584",
        "P596",
        "P601",
        "P602",
        "P603",
        "P614",
        "P615",
        "P616",
        "P623",
        "P666",
        "P719",
        "P752",
        "P753",
        "P754",
        "P755",
        "P801",
        "P810",
        "P848",
        "P851",
        "P869",
        "P871",
        "P890",
        "P891",
        "P895",
        "P896",
        "P899",
        "P900",
        "P903",
        "P904",
        "P934",
        "P936",
        "P955",
        "P956",
        "P975",
        "P976",
        "P977",
        "P978",
        "P979",
        "P983",
        "P985",
        "P986",
        "P987",
        "P992",
        "P997",
        "P1008",
        "P1009",
        "P1020",
        "P1061",
        "P1062",
        "P1063",
        "P1089",
        "P1091",
        "P1094",
        "P1095",
        "P1105",
        "P1147",
        "P1166",
        "P1169",
        "P1173",
        "P1175",
        "P1176",
        "P1177",
        "P1178",
        "P1179",
        "P1180",
        "P1197",
        "P1205",
        "P1206",
        "P1298",
        "P1328",
        "P1337",
        "P1374",
        "P1379",
        "P1384",
        "P1405",
        "P1426",
        "P1452",
        "P1475",
        "P1484",
        "P1485",
        "P1486",
        "P1487",
        "P1488",
        "P1489",
        "P1490",
        "P1491",
        "P1492",
        "P1493",
        "P1494",
        "P1495",
        "P1496",
        "P1497",
        "P1498",
        "P1499",
        "P1500",
        "P1501",
        "P1502",
        "P1503",
        "P1504",
        "P1505",
        "P1506",
        "P1507",
        "P1508",
        "P1509",
        "P1510",
        "P1511",
        "P1512",
        "P1513",
        "P1514",
        "P1515",
        "P1516",
        "P1517",
        "P1518",
        "P1519",
        "P1520",
        "P1521",
        "P1522",
        "P1523",
        "P1524",
        "P1525",
        "P1526",
        "P1527",
        "P1528",
        "P1530",
        "P1572",
        "P1623",
        "P1633",
        "P1634",
        "P1659",
        "P1660",
        "P1661",
        "P1662",
        "P1663",
        "P1664",
        "P1665",
        "P1666",
        "P1667",
        "P1668",
        "P1669",
        "P1670",
        "P1671",
        "P1672",
        "P1673",
        "P1674",
        "P1675",
        "P1676",
        "P1677",
        "P1678",
        "P1679",
        "P1680",
        "P1681",
        "P1682",
        "P1683",
        "P1684",
        "P1685",
        "P1686",
        "P1687",
        "P1688",
        "P1689",
        "P1690",
        "P1691",
        "P1692",
        "P1693",
        "P1694",
        "P1695",
        "P1696",
        "P1697",
        "P1698",
        "P1699",
        "P1700"
    ]
}