{
    "properties": {
        "P6": "head of government",
        "P7": "brother",
        "P9": "sister",
        "P10": "video",
        "P14": "highway marker",
        "P15": "road map",
        "P16": "highway system",
        "P17": "country",
        "P18": "image",
        "P19": "place of birth",
        "P20": "place of death",
        "P21": "sex or gender",
        "P22": "father",
        "P25": "mother",
        "P26": "spouse",
        "P27": "country of citizenship",
        "P30": "continent",
        "P31": "instance of",
        "P35": "head of state",
        "P36": "capital",
        "P37": "official language",
        "P38": "currency",
        "P39": "position held",
        "P40": "child",
        "P41": "flag image",
        "P43": "stepfather",
        "P44": "stepmother",
        "P45": "(OBSOLETE) grandparent",
        "P47": "shares border with",
        "P50": "author",
        "P51": "audio",
        "P53": "noble family",
        "P54": "member of sports team",
        "P57": "director",
        "P58": "screenwriter",
        "P59": "constellation",
        "P61": "discoverer or inventor",
        "P65": "site of astronomical discovery",
        "P66": "ancestral home",
        "P69": "educated at",
        "P78": "top-level domain",
        "P81": "connecting line",
        "P84": "architect",
        "P85": "anthem",
        "P86": "composer",
        "P87": "librettist",
        "P88": "commissioned by",
        "P91": "sexual orientation",
        "P92": "main regulatory text",
        "P94": "coat of arms image",
        "P97": "noble title",
        "P98": "editor",
        "P101": "field of work",
        "P102": "member of political party",
        "P103": "native language",
        "P105": "taxon rank",
        "P106": "occupation",
        "P107": "(OBSOLETE) main type (GND)",
        "P108": "employer",
        "P109": "signature",
        "P110": "illustrator",
        "P111": "measured physical quantity",
        "P112": "founder",
        "P113": "airline hub",
        "P114": "airline alliance",
        "P115": "home venue",
        "P117": "chemical structure",
        "P118": "league",
        "P119": "location of burial",
        "P121": "equipment operated",
        "P122": "basic form of government",
        "P123": "publisher",
        "P126": "maintained by",
        "P127": "owned by",
        "P128": "regulates (molecular biology)",
        "P129": "physically interacts with",
        "P131": "located in the administrative territorial entity",
        "P132": "(OBSOLETE) type of administrative territorial entity",
        "P134": "has dialect",
        "P135": "movement",
        "P136": "genre",
        "P137": "operator",
        "P138": "named after",
        "P140": "religion",
        "P141": "IUCN conservation status",
        "P143": "imported from",
        "P144": "based on",
        "P149": "architectural style",
        "P150": "contains administrative territorial entity",
        "P154": "logo image",
        "P155": "follows",
        "P156": "followed by",
        "P157": "killed by",
        "P158": "seal image",
        "P159": "headquarters location",
        "P161": "cast member",
        "P162": "producer",
        "P163": "flag",
        "P166": "award received",
        "P167": "structure replaced by",
        "P169": "chief executive officer",
        "P170": "creator",
        "P171": "parent taxon",
        "P172": "ethnic group",
        "P175": "performer",
        "P176": "manufacturer",
        "P177": "crosses",
        "P178": "developer",
        "P179": "series",
        "P180": "depicts",
        "P181": "range map image",
        "P183": "endemic to",
        "P184": "doctoral advisor",
        "P185": "doctoral student",
        "P186": "material used",
        "P189": "location of discovery",
        "P190": "sister city",
        "P193": "main building contractor",
        "P194": "legislative body",
        "P195": "collection",
        "P196": "minor planet group",
        "P197": "adjacent station",
        "P198": "ship builder",
        "P199": "business division",
        "P200": "lake inflows",
        "P201": "lake outflow",
        "P205": "basin country",
        "P206": "located next to body of water",
        "P207": "bathymetry image",
        "P208": "executive body",
        "P209": "highest judicial authority",
        "P210": "party chief representative",
        "P212": "ISBN-13",
        "P213": "ISNI (ISO 27729)",
        "P214": "VIAF identifier",
        "P215": "spectral class",
        "P217": "inventory number",
        "P218": "ISO 639-1 code",
        "P219": "ISO 639-2 code",
        "P220": "ISO 639-3 code",
        "P221": "ISO 639-6",
        "P223": "galaxy morphological type",
        "P225": "taxon name",
        "P227": "GND identifier",
        "P229": "IATA airline designator",
        "P230": "ICAO airline designator",
        "P231": "CAS registry number",
        "P232": "EINECS number",
        "P233": "SMILES",
        "P234": "InChI",
        "P235": "InChIKey",
        "P236": "ISSN",
        "P237": "coat of arms",
        "P238": "IATA airport code",
        "P239": "ICAO airport code",
        "P240": "FAA airport code",
        "P241": "military branch",
        "P242": "locator map image",
        "P243": "OCLC control number",
        "P244": "LCNAF identifier",
        "P245": "Union List of Artist Names",
        "P246": "element symbol",
        "P247": "COSPAR ID",
        "P248": "stated in",
        "P249": "ticker symbol",
        "P263": "official residence",
        "P264": "record label",
        "P267": "ATC code",
        "P268": "BnF identifier",
        "P269": "SUDOC authorities",
        "P270": "CALIS",
        "P271": "CiNii author identifier",
        "P272": "production company",
        "P274": "chemical formula",
        "P275": "license",
        "P276": "location",
        "P277": "programming language",
        "P278": "GOST 7.75-97 code",
        "P279": "subclass of",
        "P281": "postal code",
        "P282": "writing system",
        "P286": "team manager or head coach",
        "P287": "designer",
        "P289": "ship class",
        "P291": "place of publication",
        "P296": "station code",
        "P297": "ISO 3166-1 alpha-2",
        "P298": "ISO 3166-1 alpha-3",
        "P299": "ISO 3166-1 numeric",
        "P300": "ISO 3166-2",
        "P301": "category's main topic",
        "P303": "EE breed number",
        "P304": "page",
        "P305": "IETF language tag",
        "P306": "operating system",
        "P344": "director of photography",
        "P345": "IMDb identifier",
        "P347": "Joconde ID",
        "P348": "version",
        "P349": "NDL identifier",
        "P350": "RKDimages",
        "P351": "Entrez Gene ID",
        "P352": "UniProt ID",
        "P353": "gene symbol",
        "P354": "HGNC ID",
        "P355": "subsidiaries",
        "P356": "DOI",
        "P357": "(OBSOLETE) title (use P1476)",
        "P358": "discography",
        "P359": "Rijksmonument identifier",
        "P360": "is a list of",
        "P361": "part of",
        "P364": "original language of this work",
        "P366": "use",
        "P367": "astronomic symbol image",
        "P368": "Sandbox-CommonsMediaFile",
        "P369": "Sandbox-Item",
        "P370": "Sandbox-String",
        "P371": "presenter",
        "P373": "Commons category",
        "P374": "INSEE municipality code",
        "P375": "space launch vehicle",
        "P376": "located on astronomical body",
        "P377": "SCN",
        "P380": "Mérimée identifier",
        "P381": "PCP reference number",
        "P382": "CBS municipality code",
        "P387": "quote",
        "P392": "subtitle (string)",
        "P393": "edition number",
        "P395": "licence plate code",
        "P396": "SBN identifier",
        "P397": "astronomical body",
        "P398": "child astronomical body",
        "P399": "companion of",
        "P400": "platform",
        "P402": "OpenStreetMap Relation identifier",
        "P403": "mouth of the watercourse",
        "P404": "game mode",
        "P405": "taxon author",
        "P406": "soundtrack album",
        "P407": "language of work",
        "P408": "software engine",
        "P409": "NLA identifier",
        "P410": "military rank",
        "P411": "canonization status",
        "P412": "voice type",
        "P413": "position played on team",
        "P414": "stock exchange",
        "P415": "radio format",
        "P416": "quantity symbol",
        "P417": "patron saint",
        "P418": "seal description",
        "P421": "located in time zone",
        "P423": "shooting handedness",
        "P424": "Wikimedia language code",
        "P425": "field of this profession",
        "P426": "aircraft registration",
        "P427": "taxonomic type",
        "P428": "botanist author abbreviation",
        "P429": "dantai code",
        "P432": "callsign of airline",
        "P433": "issue",
        "P434": "MusicBrainz artist ID",
        "P435": "MusicBrainz work ID",
        "P436": "MusicBrainz release group ID",
        "P437": "distribution",
        "P438": "inscription",
        "P439": "German municipality key",
        "P440": "German district key",
        "P442": "China administrative division code",
        "P443": "pronunciation audio",
        "P444": "review score",
        "P447": "score by",
        "P448": "location of spacecraft launch",
        "P449": "original network",
        "P450": "astronaut mission",
        "P451": "cohabitant",
        "P452": "industry",
        "P453": "character role",
        "P454": "Structurae ID (structure)",
        "P455": "Emporis ID",
        "P457": "foundational text",
        "P458": "IMO ship number",
        "P459": "determination method",
        "P460": "said to be the same as",
        "P461": "opposite of",
        "P462": "color",
        "P463": "member of",
        "P464": "NOR",
        "P465": "sRGB color hex triplet",
        "P466": "occupant",
        "P467": "legislated by",
        "P468": "dan/kyu rank",
        "P469": "lakes on river",
        "P470": "Eight Banner register",
        "P473": "local dialing code",
        "P474": "country calling code",
        "P476": "CELEX number",
        "P477": "Canadian Register of Historic Places identifier",
        "P478": "volume",
        "P479": "input device",
        "P480": "FilmAffinity identifier",
        "P481": "Palissy identifier",
        "P483": "recorded at",
        "P484": "IMA Number, broad sense",
        "P485": "archives at",
        "P486": "MeSH ID",
        "P487": "Unicode character",
        "P488": "chairperson",
        "P489": "currency symbol description",
        "P490": "provisional designation",
        "P491": "orbit diagram",
        "P492": "OMIM ID",
        "P493": "ICD-9",
        "P494": "ICD-10",
        "P495": "country of origin",
        "P496": "ORCID",
        "P497": "CBDB ID",
        "P498": "ISO 4217 code",
        "P500": "exclave of",
        "P501": "enclave within",
        "P502": "HURDAT identifier",
        "P503": "ISO standard",
        "P504": "home port",
        "P505": "general manager",
        "P506": "ISO 15924",
        "P507": "Swedish county code",
        "P508": "BNCF Thesaurus",
        "P509": "cause of death",
        "P511": "honorific prefix",
        "P512": "academic degree",
        "P513": "(OBSOLETE) birth name",
        "P514": "interleaves with",
        "P515": "phase of matter",
        "P516": "powerplant",
        "P517": "interaction",
        "P518": "applies to part",
        "P520": "armament",
        "P521": "scheduled service destination",
        "P522": "type of orbit",
        "P523": "temporal range start",
        "P524": "temporal range end",
        "P525": "Swedish municipality code",
        "P527": "has part",
        "P528": "catalog code",
        "P529": "runway",
        "P530": "diplomatic relation",
        "P531": "diplomatic mission sent",
        "P532": "port of registry",
        "P533": "target",
        "P534": "streak color",
        "P535": "Find a Grave ID",
        "P536": "ATP ID",
        "P537": "twinning",
        "P538": "fracturing",
        "P539": "Museofile",
        "P541": "office contested",
        "P542": "officially opened by",
        "P543": "oath made by",
        "P545": "torch lit by",
        "P546": "docking port",
        "P547": "commemorates",
        "P548": "version type",
        "P549": "Mathematics Genealogy Project identifier",
        "P550": "chivalric order",
        "P551": "residence",
        "P552": "handedness",
        "P553": "website account on",
        "P554": "website username",
        "P555": "doubles record",
        "P556": "crystal system",
        "P557": "DiseasesDB",
        "P558": "unit symbol",
        "P559": "terminus",
        "P560": "direction",
        "P561": "NATO reporting name",
        "P562": "central bank/issuer",
        "P563": "ICD-O",
        "P564": "singles record",
        "P565": "crystal habit",
        "P566": "basionym",
        "P567": "hangingwall",
        "P568": "footwall",
        "P569": "date of birth",
        "P570": "date of death",
        "P571": "inception",
        "P574": "time of taxon name publication",
        "P575": "time of discovery",
        "P576": "dissolved or abolished",
        "P577": "time of publication",
        "P578": "Sandbox-TimeValue",
        "P579": "IMA status and/or rank",
        "P580": "start time",
        "P582": "end time",
        "P585": "point in time",
        "P586": "IPNI author ID",
        "P587": "MMSI",
        "P588": "coolant",
        "P589": "point group",
        "P590": "GNIS ID",
        "P591": "EC number",
        "P592": "ChEMBL ID",
        "P593": "HomoloGene ID",
        "P594": "Ensembl Gene ID",
        "P595": "IUPHAR ID",
        "P597": "WTA ID",
        "P598": "commands",
        "P599": "ITF ID",
        "P600": "Wine AppDB-ID",
        "P604": "MedlinePlus ID",
        "P605": "NUTS code",
        "P606": "time of first flight",
        "P607": "conflict",
        "P608": "exhibition history",
        "P609": "terminus location",
        "P610": "highest point",
        "P611": "religious order",
        "P612": "mother house",
        "P613": "OS grid reference",
        "P617": "yard number",
        "P618": "source of energy",
        "P619": "time of spacecraft launch",
        "P620": "time of spacecraft landing",
        "P621": "time of spacecraft orbit decay",
        "P622": "spacecraft docking/undocking",
        "P624": "guidance system",
        "P625": "coordinate location",
        "P626": "Sandbox-GeoCoordinateValue",
        "P627": "IUCN-ID",
        "P628": "E number",
        "P629": "edition or translation of",
        "P630": "Paris city digital code",
        "P631": "structural engineer",
        "P632": "cultural properties of Belarus reference number",
        "P633": "Répertoire du patrimoine culturel du Québec identifier",
        "P634": "captain",
        "P635": "ISTAT ID",
        "P636": "route of administration",
        "P637": "RefSeq Protein ID",
        "P638": "PDB ID",
        "P639": "RefSeq RNA ID",
        "P640": "Léonore ID",
        "P641": "sport",
        "P642": "of",
        "P643": "(OBSOLETE) Genloc Chr (use P1057)",
        "P644": "genomic start",
        "P645": "genomic end",
        "P646": "Freebase identifier",
        "P647": "drafted by",
        "P648": "Open Library identifier",
        "P649": "NRHP reference number",
        "P650": "RKDartists",
        "P651": "Biografisch Portaal number",
        "P652": "UNII",
        "P653": "PubMed Health",
        "P654": "direction relative to location",
        "P655": "translator",
        "P656": "RefSeq",
        "P657": "RTECS number",
        "P658": "tracklist",
        "P659": "GenLoc assembly",
        "P660": "EC classification",
        "P661": "ChemSpider ID",
        "P662": "PubChem ID (CID)",
        "P663": "DSM IV",
        "P664": "organizer",
        "P665": "KEGG ID",
        "P667": "ICPC 2 ID",
        "P668": "GeneReviews ID",
        "P669": "located on street",
        "P670": "street number",
        "P671": "Mouse Genome Informatics ID",
        "P672": "MeSH Code",
        "P673": "eMedicine",
        "P674": "characters",
        "P675": "Google Books identifier",
        "P676": "lyrics by",
        "P677": "ÚSOP code",
        "P678": "incertae sedis",
        "P679": "ZVG number",
        "P680": "molecular function",
        "P681": "cell component",
        "P682": "biological process",
        "P683": "ChEBI ID",
        "P684": "ortholog",
        "P685": "NCBI Taxonomy ID",
        "P686": "Gene Ontology ID",
        "P687": "BHL Page Id",
        "P688": "encodes",
        "P689": "afflicts",
        "P690": "space group",
        "P691": "NKC identifier",
        "P692": "Gene Atlas Image",
        "P693": "cleavage",
        "P694": "replaced synonym (for nom. nov.)",
        "P695": "UN number",
        "P696": "Neurolex ID",
        "P697": "ex taxon author",
        "P698": "PubMed ID",
        "P699": "Disease Ontology ID",
        "P700": "Kemler ID",
        "P701": "Dodis",
        "P702": "encoded by",
        "P703": "found in taxon",
        "P704": "Ensembl Transcript ID",
        "P705": "Ensembl Protein ID",
        "P706": "located on terrain feature",
        "P707": "satellite bus",
        "P708": "diocese",
        "P709": "Historic Scotland ID",
        "P710": "participant",
        "P711": "Strunz 8th edition",
        "P712": "Nickel-Strunz 9th edition (updated)",
        "P713": "Nickel-Strunz 10th (pending) edition",
        "P714": "Dana 8th edition",
        "P715": "Drugbank ID",
        "P716": "JPL Small-Body Database identifier",
        "P717": "Minor Planet Center observatory code",
        "P718": "Canmore ID",
        "P720": "asteroid spectral type",
        "P721": "OKATO identifier",
        "P722": "UIC station code",
        "P723": "DBNL ID",
        "P724": "Internet Archive ID",
        "P725": "voice actor",
        "P726": "candidate",
        "P727": "Europeana ID",
        "P728": "GHS hazard statement",
        "P729": "time of service entry",
        "P730": "time of service retirement",
        "P731": "Litholex ID",
        "P732": "BGS Lexicon ID",
        "P733": "DINOloket ",
        "P734": "surname",
        "P735": "given name",
        "P736": "cover artist",
        "P737": "influenced by",
        "P738": "influence of",
        "P739": "ammunition",
        "P740": "location of formation",
        "P741": "(OBSOLETE) playing hand",
        "P742": "pseudonym",
        "P743": "short name",
        "P744": "asteroid family",
        "P745": "Low German Bibliography and Biography ID",
        "P746": "time of disappearance",
        "P747": "edition",
        "P748": "appointed by",
        "P749": "parent company",
        "P750": "distributor",
        "P751": "introduced feature",
        "P756": "removed feature",
        "P757": "World Heritage Site id",
        "P758": "Kulturminne identifier",
        "P759": "Alberta Register of Historic Places identifier",
        "P760": "DPLA ID",
        "P761": "VISS ID",
        "P762": "Czech cultural heritage ID ",
        "P763": "PEI Register of Historic Places identifier",
        "P764": "OKTMO identifier",
        "P765": "surface played on",
        "P766": "(OBSOLETE) event location",
        "P767": "collaborator",
        "P768": "electoral district",
        "P769": "significant drug interaction",
        "P770": "cause of destruction",
        "P771": "Swiss municipality code",
        "P772": "INE municipality code",
        "P773": "ISO 3166-3",
        "P774": "FIPS 55-3 (locations in the US)",
        "P775": "Swedish urban area code",
        "P776": "Swedish minor urban area code",
        "P777": "Swedish civil parish code/ATA code",
        "P778": "Swedish code for parishes in the Church",
        "P779": "Swedish Pastoratskod",
        "P780": "symptoms",
        "P781": "Sikart",
        "P782": "LAU",
        "P783": "hymenium type",
        "P784": "mushroom cap shape",
        "P785": "hymenium attachment",
        "P786": "stipe character",
        "P787": "spore print color",
        "P788": "mushroom ecological type",
        "P789": "edibility",
        "P790": "approved by",
        "P791": "ISIL ID",
        "P792": "chapter",
        "P793": "significant event",
        "P794": "as",
        "P795": "distance along",
        "P796": "geo datum",
        "P797": "executive authority",
        "P798": "military designation",
        "P799": "Air Ministry specification",
        "P800": "notable works",
        "P802": "student",
        "P803": "professorship",
        "P804": "GNIS Antarctica ID",
        "P805": "subject of",
        "P806": "Italian cadastre code",
        "P807": "separated from",
        "P808": "code Bien de Interés Cultural",
        "P809": "WDPA id",
        "P811": "academic minor",
        "P812": "academic major",
        "P813": "retrieved",
        "P814": "IUCN protected areas category",
        "P815": "ITIS TSN",
        "P816": "decays to",
        "P817": "decay mode",
        "P818": "arXiv eprint identifier",
        "P819": "ADS bibcode",
        "P820": "arXiv classification",
        "P821": "CGNDB Unique Identifier",
        "P822": "mascot",
        "P823": "speaker",
        "P824": "Meteoritical Bulletin Database ID",
        "P825": "dedicated to",
        "P826": "tonality",
        "P827": "BBC program identifier",
        "P828": "has cause",
        "P829": "OEIS ID",
        "P830": "Encyclopedia of Life ID",
        "P831": "parent club",
        "P832": "public holiday",
        "P833": "interchange station",
        "P834": "train depot",
        "P835": "author citation (zoology)",
        "P836": "GSS code (2011)",
        "P837": "day in year for periodic occurrence",
        "P838": "BioLib ID",
        "P839": "IMSLP ID",
        "P840": "narrative set in",
        "P841": "feast day",
        "P842": "Fossilworks ID",
        "P843": "SIRUTA code",
        "P844": "UBIGEO code",
        "P845": "Saskatchewan Register of Heritage Property identifier",
        "P846": "Global Biodiversity Information Facility ID",
        "P847": "United States Navy aircraft designation",
        "P849": "Japanese military aircraft designation",
        "P850": "World Register of Marine Species identifier",
        "P852": "ESRB rating",
        "P853": "CERO rating",
        "P854": "reference URL",
        "P855": "Sandbox-URL",
        "P856": "official website",
        "P857": "CNKI",
        "P858": "ESPN SCRUM ID",
        "P859": "sponsor",
        "P860": "e-archiv.li ID",
        "P861": "premiershiprugby.com ID",
        "P862": "Operational Requirement of the UK Air Ministry",
        "P863": "InPhO identifier ",
        "P864": "ACM Digital Library author identifier",
        "P865": "BMLO",
        "P866": "Perlentaucher ID",
        "P867": "ROME Occupation Code (v3)",
        "P868": "foods traditionally associated",
        "P870": "instrumentation",
        "P872": "printed by",
        "P873": "phase point",
        "P874": "UN class",
        "P875": "UN code classification",
        "P876": "UN packaging group",
        "P877": "NFPA Other",
        "P878": "avionics",
        "P879": "pennant number",
        "P880": "CPU",
        "P881": "type of variable star",
        "P882": "FIPS 6-4 (US counties)",
        "P883": "FIPS 5-2 (code for US states)",
        "P884": "State Water Register Code (Russia)",
        "P885": "origin of the watercourse",
        "P886": "LIR",
        "P887": "based on heuristic",
        "P888": "JSTOR article ID",
        "P889": "Mathematical Reviews identifier",
        "P892": "Request for Comments identifier",
        "P893": "Social Science Research Network ID",
        "P894": "Zentralblatt MATH",
        "P897": "United States Army and Air Force aircraft designation",
        "P898": "IPA",
        "P901": "FIPS 10-4 (countries and regions)",
        "P902": "HDS",
        "P905": "PORT identifier",
        "P906": "SELIBR",
        "P907": "AMG Game ID",
        "P908": "PEGI rating",
        "P909": "Nova Scotia Register of Historic Places identifier",
        "P910": "topic's main category",
        "P911": "South African municipality code",
        "P912": "facility",
        "P913": "notation",
        "P914": "USK rating",
        "P915": "filming location",
        "P916": "GSRR rating",
        "P917": "GRAU index",
        "P918": "NOC Occupation Code",
        "P919": "SOC Occupation Code (2010)",
        "P920": "Spanish subject headings for public libraries",
        "P921": "main subject",
        "P922": "magnetic ordering",
        "P923": "medical examinations",
        "P924": "medical treatment",
        "P925": "presynaptic connection",
        "P926": "postsynaptic connection",
        "P927": "anatomical location",
        "P928": "activating neurotransmitter",
        "P929": "color space",
        "P930": "type of electrification",
        "P931": "place served by airport",
        "P932": "PMCID",
        "P933": "heritagefoundation.ca ID",
        "P935": "Commons gallery",
        "P937": "location of creative working",
        "P938": "FishBase species identifier",
        "P939": "KSH code",
        "P940": "GHS precautionary statements",
        "P941": "inspired by",
        "P942": "theme music",
        "P943": "programmer",
        "P944": "Code of nomenclature",
        "P945": "allegiance",
        "P946": "ISIN",
        "P947": "RSL identifier",
        "P948": "Wikivoyage banner",
        "P949": "NLI (Israel) identifier",
        "P950": "BNE identifier",
        "P951": "NSZL identifier",
        "P952": "ISCO occupation code",
        "P953": "full text available at",
        "P954": "IBNR identifier",
        "P957": "ISBN-10",
        "P958": "section, verse, or paragraph",
        "P959": "MSW species identifier",
        "P960": "Tropicos taxon name identifier",
        "P961": "IPNI taxon name identifier",
        "P962": "MycoBank taxon name identifier",
        "P963": "streaming media URL",
        "P964": "Austrian municipality key",
        "P965": "burial plot reference",
        "P966": "MusicBrainz label ID",
        "P967": "guest of honor",
        "P968": "e-mail",
        "P969": "located at street address",
        "P970": "neurological function",
        "P971": "category combines topics",
        "P972": "catalog",
        "P973": "described at URL",
        "P974": "tributary",
        "P980": "code for weekend and holiday homes (Sweden)",
        "P981": "BAG-code for Dutch towns",
        "P982": "MusicBrainz area ID",
        "P984": "IOC country code",
        "P988": "Philippine Standard Geographic Code",
        "P989": "spoken text audio",
        "P990": "recording of the subject's voice",
        "P991": "successful candidate",
        "P993": "NFPA Health",
        "P994": "NFPA Fire",
        "P995": "NFPA Reactivity",
        "P996": "scan file",
        "P998": "dmoz",
        "P999": "ARICNS",
        "P1000": "record held",
        "P1001": "applies to jurisdiction",
        "P1002": "engine configuration",
        "P1003": "NLR (Romania) identifier",
        "P1004": "MusicBrainz place ID",
        "P1005": "PTBNP identifier",
        "P1006": "NTA identifier (Netherlands)",
        "P1007": "Lattes Platform number",
        "P1010": "Iran statistics ID",
        "P1011": "excluding",
        "P1012": "including",
        "P1013": "criterion used",
        "P1014": "Art & Architecture Thesaurus ID",
        "P1015": "BIBSYS identifier",
        "P1016": "asteroid taxonomy",
        "P1017": "BAV (Vatican Library) identifier",
        "P1018": "language regulatory body",
        "P1019": "feed URL",
        "P1021": "KldB-2010 occupation code",
        "P1022": "CNO-11 occupation code",
        "P1023": "SBC-2010 occupation code",
        "P1024": "SBFI occupation code",
        "P1025": "SUDOC editions",
        "P1026": "doctoral thesis",
        "P1027": "conferred by",
        "P1028": "donated by",
        "P1029": "crew member",
        "P1030": "light characteristic of a lighthouse",
        "P1031": "legal citation of this text",
        "P1032": "Digital Rights Management system",
        "P1033": "GHS signal word",
        "P1034": "main food source",
        "P1035": "honorific suffix",
        "P1036": "Dewey Decimal Classification",
        "P1037": "manager/director",
        "P1038": "relative",
        "P1039": "type of kinship",
        "P1040": "film editor",
        "P1041": "sockets supported",
        "P1042": "ZDB identifier",
        "P1043": "IDEO Job ID",
        "P1044": "SWB editions",
        "P1045": "Sycomore ID",
        "P1046": "discovery method",
        "P1047": "Catholic Hierarchy ID",
        "P1048": "NCL identifier",
        "P1049": "deity of",
        "P1050": "medical condition",
        "P1051": "PSH ID",
        "P1052": "Portuguese Job Code CPP-2010",
        "P1053": "ResearcherID",
        "P1054": "NDL editions",
        "P1055": "NLM ID",
        "P1056": "produces",
        "P1057": "chromosome",
        "P1058": "ERA Journal ID",
        "P1059": "CVR",
        "P1060": "pathogen transmission process",
        "P1064": "track gauge",
        "P1065": "archive URL",
        "P1066": "student of",
        "P1067": "Thailand central administrative unit code",
        "P1068": "instruction set",
        "P1069": "Danemark Job Code (DISCO-08)",
        "P1070": "PlantList-ID",
        "P1071": "location of final assembly",
        "P1072": "readable file format",
        "P1073": "writable file format",
        "P1074": "fictional analog of",
        "P1075": "rector",
        "P1076": "ICTV virus ID",
        "P1077": "KOATUU identifier",
        "P1078": "valvetrain configuration",
        "P1079": "launch contractor",
        "P1080": "from fictional universe",
        "P1081": "Human Development Index",
        "P1082": "population",
        "P1083": "seating capacity",
        "P1084": "EUL editions",
        "P1085": "LibraryThing work identifier",
        "P1086": "atomic number",
        "P1087": "ELO rating",
        "P1088": "Mohs' hardness",
        "P1090": "redshift",
        "P1092": "total produced",
        "P1093": "gross tonnage",
        "P1096": "orbital eccentricity",
        "P1097": "g-factor",
        "P1098": "number of speakers",
        "P1099": "number of masts",
        "P1100": "number of cylinders",
        "P1101": "floors above ground",
        "P1102": "flattening",
        "P1103": "number of platforms",
        "P1104": "number of pages",
        "P1106": "sandbox-quantity",
        "P1107": "proportion",
        "P1108": "electronegativity",
        "P1109": "refractive index",
        "P1110": "attendance",
        "P1111": "votes received",
        "P1112": "Pokédex number",
        "P1113": "series length",
        "P1114": "quantity",
        "P1115": "ATVK ID",
        "P1116": "Kallikratis geographical code",
        "P1117": "pKa",
        "P1118": "tennis singles ranking",
        "P1119": "tennis doubles ranking",
        "P1120": "number of deaths",
        "P1121": "oxidation state",
        "P1122": "spin quantum number",
        "P1123": "parity",
        "P1124": "teu",
        "P1125": "Gini coefficient",
        "P1126": "isospin quantum number",
        "P1127": "isospin z-component",
        "P1128": "personnel",
        "P1129": "national team caps",
        "P1130": "doubles titles",
        "P1131": "singles titles",
        "P1132": "number of participants",
        "P1133": "DGO4 identifier",
        "P1134": "located in place",
        "P1135": "nomenclatural status",
        "P1136": "solved by",
        "P1137": "fossil found in this unit",
        "P1138": "Kunstindeks Danmark",
        "P1139": "floors below ground",
        "P1140": "EHAK id",
        "P1141": "number of processor cores",
        "P1142": "political ideology",
        "P1143": "BN (Argentine) editions",
        "P1144": "LCOC LCCN (bibliographic)",
        "P1145": "Lagrangian point",
        "P1146": "IAAF ID",
        "P1148": "neutron number",
        "P1149": "Library of Congress Classification",
        "P1150": "Regensburg Classification",
        "P1151": "topic's main portal",
        "P1152": "IPTC Media Topic",
        "P1153": "Scopus Author ID",
        "P1154": "Scopus EID",
        "P1155": "Scopus Affiliation ID",
        "P1156": "Scopus Source ID",
        "P1157": "US Congress Bio identifier",
        "P1158": "location of landing",
        "P1159": "CODEN",
        "P1160": "ISO 4 abbreviation",
        "P1161": "Z39.5 abbreviation",
        "P1162": "Bluebook abbreviation",
        "P1163": "Internet media type",
        "P1164": "cardinality of the group",
        "P1165": "home world",
        "P1167": "USB ID",
        "P1168": "municipality code (Denmark)",
        "P1170": "transmitted signal",
        "P1171": "approximation algorithm",
        "P1172": "Geokod",
        "P1174": "visitors per year ",
        "P1181": "numeric value",
        "P1182": "LIBRIS editions",
        "P1183": "Gewässerkennzahl",
        "P1184": "handle",
        "P1185": "Rodovid ID",
        "P1186": "MEP directory identifier",
        "P1187": "Dharma Drum Buddhist College person ID",
        "P1188": "Dharma Drum Buddhist College place ID",
        "P1189": "Chinese Library Classification",
        "P1190": "Universal Decimal Classification",
        "P1191": "first performance",
        "P1192": "connecting service",
        "P1193": "prevalence",
        "P1194": "received signal",
        "P1195": "file extension",
        "P1196": "manner of death",
        "P1198": "unemployment rate",
        "P1199": "mode of inheritance",
        "P1200": "bodies of water basin category",
        "P1201": "space tug",
        "P1202": "carries scientific instrument",
        "P1203": "Finnish municipality number",
        "P1204": "portal's main topic",
        "P1207": "NUKAT authorities",
        "P1208": "ISMN",
        "P1209": "CN",
        "P1210": "supercharger",
        "P1211": "fuel system",
        "P1212": "Atlas ID",
        "P1213": "NLC authorities",
        "P1214": "Riksdagen person-id",
        "P1215": "apparent magnitude",
        "P1216": "English Heritage list number",
        "P1217": "Internet Broadway Database venue ID",
        "P1218": "Internet Broadway Database production ID",
        "P1219": "Internet Broadway Database show ID",
        "P1220": "Internet Broadway Database person ID",
        "P1221": "compressor type",
        "P1222": "NARA person ID",
        "P1223": "NARA organization ID",
        "P1224": "NARA geographic ID",
        "P1225": "NARA topical subject ID",
        "P1226": "NARA specific records type ID",
        "P1227": "astronomical filter",
        "P1228": "Philippine Standard Geographic Code ID",
        "P1229": "Openpolis ID",
        "P1230": "JSTOR journal code",
        "P1231": "NARA catalogue record ID",
        "P1232": "Linguist list code",
        "P1233": "ISFDB author ID",
        "P1234": "ISFDB publication ID",
        "P1235": "ISFDB series ID",
        "P1236": "Parsons code",
        "P1237": "Box Office Mojo film ID",
        "P1238": "Swedish Football Association ID",
        "P1239": "ISFDB publisher ID",
        "P1240": "Danish Bibliometric Research Indicator level",
        "P1241": "Swiss Football Association Club Number",
        "P1242": "Theatricalia play ID",
        "P1243": "International Standard Recording Code",
        "P1244": "phone number (URL)",
        "P1245": "OmegaWiki Defined Meaning",
        "P1246": "patent number",
        "P1247": "compression ratio",
        "P1248": "KulturNav-id",
        "P1249": "time of earliest written record",
        "P1250": "Danish Bibliometric Research Indicator (BFI) SNO/CNO",
        "P1251": "ABS ASCL code",
        "P1252": "AUSTLANG code",
        "P1253": "BCU Ecrivainsvd",
        "P1254": "Slovenska biografija ID",
        "P1255": "Helveticarchives ID",
        "P1256": "Iconclass notation",
        "P1257": "depicts Iconclass notation",
        "P1258": "Rotten Tomatoes identifier",
        "P1259": "coordinates of the point of view",
        "P1260": "Cultural heritage database in Sweden",
        "P1261": "Rundata",
        "P1262": "RAÄ-nummer",
        "P1263": "Notable Names Database identifier",
        "P1264": "valid in period",
        "P1265": "AlloCiné movie ID",
        "P1266": "AlloCiné person ID",
        "P1267": "AlloCiné serie ID",
        "P1268": "represents organisation",
        "P1269": "facet of",
        "P1270": "Norway Database for Statistics on Higher education periodical ID",
        "P1271": "Norway Database for Statistics on Higher education publisher ID",
        "P1272": "Norway Import Service and Registration Authority periodical code",
        "P1273": "CANTIC",
        "P1274": "ISFDB title ID",
        "P1275": "Norway Import Service and Registration Authority publisher code",
        "P1276": "Dictionnaire du Jura ID",
        "P1277": "Jufo ID",
        "P1278": "Legal Entity Identifier",
        "P1279": "inflation rate",
        "P1280": "CONOR identifier",
        "P1281": "WOEID",
        "P1282": "OpenStreetMap Tag or Key",
        "P1283": "filmography",
        "P1284": "Munzinger IBA",
        "P1285": "Munzinger Sport",
        "P1286": "Munzinger Pop",
        "P1287": "KDG Komponisten der Gegenwart",
        "P1288": "KLG Kritisches Lexikon der Gegenwartsliteratur",
        "P1289": "KLfG Kritisches Lexikon der fremdsprachigen Gegenwartsliteratur",
        "P1290": "godparent",
        "P1291": "Association Authors of Switzerland ID",
        "P1292": "DNB editions",
        "P1293": "Royal Aero Club Aviator's Certificate ID",
        "P1294": "WWF ecoregion code",
        "P1295": "emissivity ",
        "P1296": "Gran Enciclopèdia Catalana ID",
        "P1297": "IRS Employer Identification Number",
        "P1299": "depicted by",
        "P1300": "bibcode",
        "P1301": "number of elevators",
        "P1302": "primary destinations",
        "P1303": "instrument",
        "P1304": "central bank",
        "P1305": "Skyscraper Center ID",
        "P1306": "China railway station telecode",
        "P1307": "Swiss parliament identifier",
        "P1308": "officeholder",
        "P1309": "EGAXA identifier",
        "P1310": "statement disputed by",
        "P1311": "lostbridges.org ID",
        "P1312": "has facet polytope",
        "P1313": "office held by head of government",
        "P1314": "number of spans",
        "P1315": "People Australia identifier",
        "P1316": "SMDB ID",
        "P1317": "floruit",
        "P1318": "proved by",
        "P1319": "earliest date",
        "P1320": "OpenCorporates ID",
        "P1321": "place of origin (Switzerland)",
        "P1322": "dual to",
        "P1323": "Terminologia Anatomica 98",
        "P1324": "source code repository",
        "P1325": "external data available at",
        "P1326": "latest date",
        "P1327": "professional or sports partner",
        "P1329": "phone number",
        "P1330": "MusicBrainz instrument ID",
        "P1331": "PACE member ID",
        "P1332": "coordinate of northernmost point",
        "P1333": "coordinate of southernmost point",
        "P1334": "coordinate of easternmost point",
        "P1335": "coordinate of westernmost point",
        "P1336": "territory claimed by",
        "P1338": "EPSG ID",
        "P1339": "number of injured",
        "P1340": "eye color",
        "P1341": "Italian Chamber of Deputies ID",
        "P1342": "number of seats",
        "P1343": "described by source",
        "P1344": "participant of",
        "P1345": "number of victims",
        "P1346": "winner",
        "P1347": "military casualty classification",
        "P1348": "AlgaeBase URL",
        "P1349": "ploidy",
        "P1350": "number of matches played",
        "P1351": "number of points/goals scored",
        "P1352": "ranking",
        "P1353": "original spelling",
        "P1354": "shown with features",
        "P1355": "matches won/games won",
        "P1356": "matches lost/games lost",
        "P1357": "matches/games drawn/tied",
        "P1358": "points for",
        "P1359": "number of points/goals conceded",
        "P1360": "Monte Carlo Particle Number",
        "P1361": "Anime News Network ID",
        "P1362": "Theaterlexikon der Schweiz",
        "P1363": "points/goal scored by",
        "P1364": "ITTF ID",
        "P1365": "replaces",
        "P1366": "succeeded by",
        "P1367": "BBC Your Paintings artist identifier",
        "P1368": "LNB identifier",
        "P1369": "Iranian National Heritage registration number",
        "P1370": "ihsi identifier",
        "P1371": "ASI Monument ID",
        "P1372": "binding of software library",
        "P1373": "daily ridership",
        "P1375": "NSK identifier",
        "P1376": "capital of",
        "P1377": "MTR station code",
        "P1378": "China railway TMIS station code",
        "P1380": "uglybridges.com ID",
        "P1381": "bridgehunter.com ID",
        "P1382": "coincident with",
        "P1383": "contains settlement",
        "P1385": "Enciclopédia Açoriana ID",
        "P1386": "Japanese High School Code",
        "P1387": "political alignment",
        "P1388": "German regional key",
        "P1389": "product certification",
        "P1390": "match time of score (minutes)",
        "P1391": "Index Fungorum ID",
        "P1392": "ComicBookDB ID",
        "P1393": "proxy",
        "P1394": "Glottolog code",
        "P1395": "National Cancer Institute ID",
        "P1396": "Linguasphere code",
        "P1397": "State Catalogue of Geographical Names identifier (Russia)",
        "P1398": "replaced by structure",
        "P1399": "convicted of",
        "P1400": "FCC Facility ID",
        "P1401": "bug tracking system",
        "P1402": "Foundational Model of Anatomy ID",
        "P1403": "original combination",
        "P1404": "World Glacier Inventory ID",
        "P1406": "script directionality",
        "P1407": "MusicBrainz series ID",
        "P1408": "licensed to broadcast to",
        "P1409": "Cycling Archives Cyclist ID",
        "P1410": "number of seats in legislature",
        "P1411": "nominated for",
        "P1412": "languages spoken or published",
        "P1413": "SFDb ID",
        "P1414": "GUI toolkit or framework",
        "P1415": "Oxford Biography Index Number",
        "P1416": "affiliation",
        "P1417": "Encyclopædia Britannica Online ID",
        "P1418": "orbits completed",
        "P1419": "shape",
        "P1420": "taxon synonym",
        "P1421": "GRIN URL",
        "P1422": "Sandrart.net person ID",
        "P1423": "template's main topic",
        "P1424": "topic's main template",
        "P1425": "ecoregion (WWF)",
        "P1427": "journey origin",
        "P1428": "Lost Art-ID",
        "P1429": "pet",
        "P1430": "OpenPlaques identifier",
        "P1431": "executive producer",
        "P1432": "b-side",
        "P1433": "published in",
        "P1434": "describes the fictional universe",
        "P1435": "heritage status",
        "P1436": "collection size",
        "P1437": "plea",
        "P1438": "Jewish Encyclopedia ID (Russian)",
        "P1439": "Norsk filmografi ID",
        "P1440": "Fide ID",
        "P1441": "present in work",
        "P1442": "grave picture",
        "P1443": "score method",
        "P1444": "journey destination",
        "P1445": "fictional universe described in",
        "P1446": "number of missing",
        "P1447": "Sports Reference ID",
        "P1448": "official name",
        "P1449": "nickname",
        "P1450": "Sandbox Monolingual text",
        "P1451": "motto text",
        "P1453": "catholic.ru identifier",
        "P1454": "legal form",
        "P1455": "list of works",
        "P1456": "list of monuments",
        "P1457": "absolute magnitude",
        "P1458": "color index",
        "P1459": "Cadw Building ID",
        "P1460": "NIEA building ID",
        "P1461": "Patientplus ID",
        "P1462": "standards body",
        "P1463": "PRDL Author ID",
        "P1464": "category for people born here",
        "P1465": "category for people who died here",
        "P1466": "WALS lect code",
        "P1467": "WALS genus code",
        "P1468": "WALS family code",
        "P1469": "FIFA player code",
        "P1470": "maximum glide ratio ",
        "P1471": "reporting mark",
        "P1472": "Commons Creator page",
        "P1473": "Nupill Literatura Digital - Author",
        "P1474": "Nupill Literatura Digital - Document",
        "P1476": "title",
        "P1477": "birth name",
        "P1478": "has immediate cause",
        "P1479": "has contributing factor",
        "P1480": "sourcing circumstances",
        "P1481": "vici.org ID",
        "P1482": "Stack Exchange tag",
        "P1483": "kulturnoe-nasledie.ru identifier",
        "P1529": "Glad identifier",
        "P1531": "parents of hybrids",
        "P1532": "country for sport",
        "P1533": "family name identical to this first name",
        "P1534": "end cause",
        "P1535": "used by",
        "P1536": "immediate cause of",
        "P1537": "contributing factor of",
        "P1538": "number of households",
        "P1539": "female population",
        "P1540": "male population",
        "P1541": "Cycling Quotient identifier",
        "P1542": "cause of",
        "P1543": "monogram",
        "P1544": "Federal Register Document Number",
        "P1545": "series ordinal",
        "P1546": "motto",
        "P1547": "depends on",
        "P1548": "maximum Strahler number",
        "P1549": "demonym",
        "P1550": "Orphanet ID",
        "P1551": "Exceptional heritage of Wallonia identifier",
        "P1552": "has quality",
        "P1553": "Yandex.Music ID",
        "P1554": "UBERON ID",
        "P1555": "Executive Order number",
        "P1556": "zbMATH author ID",
        "P1557": "manifestation of",
        "P1558": "tempo marking",
        "P1559": "name in native language",
        "P1560": "given name version for other gender",
        "P1561": "number of survivors",
        "P1562": "allmovie identifier",
        "P1563": "MacTutor id (biographies)",
        "P1564": "At the Circulating Library ID",
        "P1565": "Enciclopedia de la Literatura en México ID",
        "P1566": "GeoNames ID",
        "P1567": "NIS/INS code",
        "P1568": "domain",
        "P1569": "number of edges",
        "P1570": "number of vertices",
        "P1571": "codomain",
        "P1573": "BBC Genome identifier",
        "P1574": "exemplar of",
        "P1575": "RISS catalog",
        "P1576": "lifestyle",
        "P1577": "Gregory–Aland–Number",
        "P1578": "Gmelin Number",
        "P1579": "Beilstein Registry Number",
        "P1580": "University of Barcelona authority ID",
        "P1581": "official blog",
        "P1582": "natural product of taxon",
        "P1583": "MalaCards ID",
        "P1584": "Pleiades identifier",
        "P1585": "Municipality code of Brazil",
        "P1586": "Catalan object of cultural interest ID",
        "P1587": "Slovene Cultural Heritage Register ID",
        "P1588": "Desa code of Indonesia",
        "P1589": "deepest point",
        "P1590": "number of casualties",
        "P1591": "defendant",
        "P1592": "prosecutor",
        "P1593": "defender",
        "P1594": "judge",
        "P1595": "charge",
        "P1596": "penalty",
        "P1597": "Slovene Cultural Heritage designation",
        "P1598": "consecrator",
        "P1599": "Cambridge Alumni Database ID",
        "P1600": "code Inventari del Patrimoni Arquitectònic de Catalunya",
        "P1601": "Esperantist ID",
        "P1602": "BBC Your Paintings venue identifier",
        "P1603": "number of cases",
        "P1604": "biosafety level",
        "P1605": "has natural reservoir",
        "P1606": "natural reservoir of",
        "P1607": "Dialnet author",
        "P1608": "Dialnet book",
        "P1609": "Dialnet journal",
        "P1610": "Dialnet article",
        "P1611": "NATO code for grade",
        "P1612": "Commons Institution page",
        "P1613": "IRC channel",
        "P1614": "History of Parliament ID",
        "P1615": "CLARA-ID",
        "P1616": "SIREN number",
        "P1617": "BBC Things identifer",
        "P1618": "squad number",
        "P1619": "time of official opening",
        "P1620": "plaintiff",
        "P1621": "detail map",
        "P1622": "drives on the",
        "P1624": "MarineTraffic Port ID",
        "P1625": "has melody",
        "P1626": "Thai cultural heritage ID",
        "P1627": "SIL code",
        "P1628": "equivalent property",
        "P1629": "subject item",
        "P1630": "formatter URL",
        "P1631": "China Vitae ID",
        "P1632": "Hermann–Mauguin notation",
        "P1635": "religious name",
        "P1636": "date of baptism",
        "P1637": "undercarriage",
        "P1638": "working title",
        "P1639": "pendant of",
        "P1640": "curator",
        "P1641": "port",
        "P1642": "acquisition transaction",
        "P1643": "departure transaction",
        "P1644": "EgliseInfo ID",
        "P1645": "NIST/CODATA ID",
        "P1646": "mandatory qualifier",
        "P1647": "subproperty of",
        "P1648": "Dictionary of Welsh Biography ID",
        "P1649": "Korean Movie Database ID",
        "P1650": "BBF identifier",
        "P1651": "YouTube video identifier",
        "P1652": "referee",
        "P1653": "TERYT municipality code",
        "P1654": "wing configuration",
        "P1655": "station number",
        "P1656": "unveiled by",
        "P1657": "MPAA film rating",
        "P1658": "number of faces"
    },
    "missing": [
        "P1",
        "P2",
        "P3",
        "P4",
        "P5",
        "P8",
        "P11",
        "P12",
        "P13",
        "P23",
        "P24",
        "P28",
        "P29",
        "P32",
        "P33",
        "P34",
        "P42",
        "P46",
        "P48",
        "P49",
        "P52",
        "P55",
        "P56",
        "P60",
        "P62",
        "P63",
        "P64",
        "P67",
        "P68",
        "P70",
        "P71",
        "P72",
        "P73",
        "P74",
        "P75",
        "P76",
        "P77",
        "P79",
        "P80",
        "P82",
        "P83",
        "P89",
        "P90",
        "P93",
        "P95",
        "P96",
        "P99",
        "P100",
        "P104",
        "P116",
        "P120",
        "P124",
        "P125",
        "P130",
        "P133",
        "P139",
        "P142",
        "P145",
        "P146",
        "P147",
        "P148",
        "P151",
        "P152",
        "P153",
        "P160",
        "P164",
        "P165",
        "P168",
        "P173",
        "P174",
        "P182",
        "P187",
        "P188",
        "P191",
        "P192",
        "P202",
        "P203",
        "P204",
        "P211",
        "P216",
        "P222",
        "P224",
        "P226",
        "P228",
        "P250",
        "P251",
        "P252",
        "P253",
        "P254",
        "P255",
        "P256",
        "P257",
        "P258",
        "P259",
        "P260",
        "P261",
        "P262",
        "P265",
        "P266",
        "P273",
        "P280",
        "P283",
        "P284",
        "P285",
        "P288",
        "P290",
        "P292",
        "P293",
        "P294",
        "P295",
        "P302",
        "P307",
        "P308",
        "P309",
        "P310",
        "P311",
        "P312",
        "P313",
        "P314",
        "P315",
        "P316",
        "P317",
        "P318",
        "P319",
        "P320",
        "P321",
        "P322",
        "P323",
        "P324",
        "P325",
        "P326",
        "P327",
        "P328",
        "P329",
        "P330",
        "P331",
        "P332",
        "P333",
        "P334",
        "P335",
        "P336",
        "P337",
        "P338",
        "P339",
        "P340",
        "P341",
        "P342",
        "P343",
        "P346",
        "P362",
        "P363",
        "P365",
        "P372",
        "P378",
        "P379",
        "P383",
        "P384",
        "P385",
        "P386",
        "P388",
        "P389",
        "P390",
        "P391",
        "P394",
        "P401",
        "P419",
        "P420",
        "P422",
        "P430",
        "P431",
        "P441",
        "P445",
        "P446",
        "P456",
        "P471",
        "P472",
        "P475",
        "P482",
        "P499",
        "P510",
        "P519",
        "P526",
        "P540",
        "P544",
        "P572",
        "P573",
        "P581",
        "P583",
        "P584",
        "P596",
        "P601",
        "P602",
        "P603",
        "P614",
        "P615",
        "P616",
        "P623",
        "P666",
        "P719",
        "P752",
        "P753",
        "P754",
        "P755",
        "P801",
        "P810",
        "P848",
        "P851",
        "P869",
        "P871",
        "P890",
        "P891",
        "P895",
        "P896",
        "P899",
        "P900",
        "P903",
        "P904",
        "P934",
        "P936",
        "P955",
        "P956",
        "P975",
        "P976",
        "P977",
        "P978",
        "P979",
        "P983",
        "P985",
        "P986",
        "P987",
        "P992",
        "P997",
        "P1008",
        "P1009",
        "P1020",
        "P1061",
        "P1062",
        "P1063",
        "P1089",
        "P1091",
        "P1094",
        "P1095",
        "P1105",
        "P1147",
        "P1166",
        "P1169",
        "P1173",
        "P1175",
        "P1176",
        "P1177",
        "P1178",
        "P1179",
        "P1180",
        "P1197",
        "P1205",
        "P1206",
        "P1298",
        "P1328",
        "P1337",
        "P1374",
        "P1379",
        "P1384",
        "P1405",
        "P1426",
        "P1452",
        "P1475",
        "P1484",
        "P1485",
        "P1486",
        "P1487",
        "P1488",
        "P1489",
        "P1490",
        "P1491",
        "P1492",
        "P1493",
        "P1494",
        "P1495",
        "P1496",
        "P1497",
        "P1498",
        "P1499",
        "P1500",
        "P1501",
        "P1502",
        "P1503",
        "P1504",
        "P1505",
        "P1506",
        "P1507",
        "P1508",
        "P1509",
        "P1510",
        "P1511",
        "P1512",
        "P1513",
        "P1514",
        "P1515",
        "P1516",
        "P1517",
        "P1518",
        "P1519",
        "P1520",
        "P1521",
        "P1522",
        "P1523",
        "P1524",
        "P1525",
        "P1526",
        "P1527",
        "P1528",
        "P1530",
        "P1572",
        "P1623",
        "P1633",
        "P1634",
        "P1659",
        "P1660",
        "P1661",
        "P1662",
        "P1663",
        "P1664",
        "P1665",
        "P1666",
        "P1667",
        "P1668",
        "P1669",
        "P1670",
        "P1671",
        "P1672",
        "P1673",
        "P1674",
        "P1675",
        "P1676",
        "P1677",
        "P1678",
        "P1679",
        "P1680",
        "P1681",
        "P1682",
        "P1683",
        "P1684",
        "P1685",
        "P1686",
        "P1687",
        "P1688",
        "P1689",
        "P1690",
        "P1691",
        "P1692",
        "P1693",
        "P1694",
        "P1695",
        "P1696",
        "P1697",
        "P1698",
        "P1699",
        "P1700"
    ]
}