{
    "properties": {
        "P6": "alcalde",
        "P7": "hermano",
        "P9": "hermana",
        "P10": "video",
        "P14": "panel de carretera",
        "P15": "mapa vial",
        "P16": "sistema de carreteras",
        "P17": "país",
        "P18": "imagen",
        "P19": "lugar de nacimiento",
        "P20": "lugar de fallecimiento",
        "P21": "sexo",
        "P22": "padre",
        "P25": "madre",
        "P26": "cónyuge",
        "P27": "país de nacionalidad",
        "P30": "continente",
        "P31": "instancia de",
        "P35": "jefe de Estado",
        "P36": "capital",
        "P37": "idioma oficial",
        "P38": "moneda",
        "P39": "cargo ocupado",
        "P40": "hijo",
        "P41": "imagen de la bandera",
        "P43": "padrastro",
        "P44": "madrastra",
        "P45": "(OBSOLETO) abuelo/a",
        "P47": "comparte fronteras con",
        "P50": "autor",
        "P51": "audio",
        "P53": "familia nobiliaria",
        "P54": "miembro del equipo deportivo",
        "P57": "director",
        "P58": "guionista",
        "P59": "constelación",
        "P61": "descubridor o inventor",
        "P65": "lugar de descubrimiento astronómico",
        "P66": "hogar ancestral",
        "P69": "alma máter",
        "P78": "dominio de nivel superior",
        "P81": "línea",
        "P84": "arquitecto",
        "P85": "himno",
        "P86": "compositor",
        "P87": "libretista",
        "P88": "comisionador",
        "P91": "orientación sexual",
        "P92": "texto regulador principal",
        "P94": "imagen del escudo",
        "P97": "título nobiliario",
        "P98": "editor",
        "P101": "campo de trabajo",
        "P102": "miembro del partido político",
        "P103": "lengua materna",
        "P105": "categoría taxonómica",
        "P106": "ocupación",
        "P107": "(OBSOLETO) tipo principal (GND)",
        "P108": "empleador",
        "P109": "firma",
        "P110": "ilustrador",
        "P111": "cantidad física medida",
        "P112": "fundador",
        "P113": "centro de conexión",
        "P114": "alianza aérea",
        "P115": "estadio",
        "P117": "estructura química",
        "P118": "liga",
        "P119": "lugar de sepultura",
        "P121": "avión de la flota",
        "P122": "forma de gobierno",
        "P123": "editorial",
        "P126": "mantenimiento",
        "P127": "propietario",
        "P128": "regula",
        "P129": "interactúa físicamente con",
        "P131": "situado en la unidad administrativa",
        "P132": "tipo de división administrativa",
        "P134": "dialecto",
        "P135": "movimiento",
        "P136": "género artístico",
        "P137": "operador",
        "P138": "nombrado por",
        "P140": "religión",
        "P141": "estado de conservación UICN",
        "P143": "importado de",
        "P144": "basado en",
        "P149": "estilo arquitectónico",
        "P150": "subdividido en (división administrativa)",
        "P154": "logotipo",
        "P155": "precedida por",
        "P156": "sucedida por",
        "P157": "asesinado por",
        "P158": "imagen del sello",
        "P159": "ubicación de la sede",
        "P161": "miembro del reparto",
        "P162": "productor",
        "P163": "descripción de la bandera",
        "P166": "premio recibido",
        "P167": "estructura reemplazada por",
        "P169": "director ejecutivo",
        "P170": "creador",
        "P171": "taxón superior inmediato",
        "P172": "grupo étnico",
        "P175": "intérprete",
        "P176": "fabricante",
        "P177": "atraviesa",
        "P178": "desarrollador",
        "P179": "serie",
        "P180": "representa a",
        "P181": "mapa de distribución",
        "P183": "endémico en",
        "P184": "director de tesis",
        "P185": "doctorando",
        "P186": "material empleado",
        "P189": "lugar de descubrimiento",
        "P190": "ciudad hermana",
        "P193": "maestro de obra",
        "P194": "órgano legislativo",
        "P195": "colección",
        "P196": "grupo de planetas menores",
        "P197": "estación adyacente",
        "P198": "astillero",
        "P199": "división comercial",
        "P200": "alimentación del lago",
        "P201": "emisario del lago",
        "P205": "país de la cuenca",
        "P206": "ubicación del cuerpo de agua",
        "P207": "imagen batimétrica",
        "P208": "órgano ejecutivo",
        "P209": "máxima autoridad legal",
        "P210": "representante del partido",
        "P212": "ISBN-13",
        "P213": "ISNI",
        "P214": "identificador FAVI",
        "P215": "clasificación estelar",
        "P217": "número de inventario",
        "P218": "ISO 639-1",
        "P219": "ISO 639-2",
        "P220": "ISO 639-3",
        "P221": "ISO 639-6",
        "P223": "secuencia de Hubble",
        "P225": "nombre del taxón",
        "P227": "identificador GND",
        "P229": "indicativo de aerolínea IATA",
        "P230": "indicativo de aerolínea OACI",
        "P231": "número CAS",
        "P232": "número EINECS",
        "P233": "SMILES",
        "P234": "InChI",
        "P235": "InChIKey",
        "P236": "ISSN",
        "P237": "descripción del escudo",
        "P238": "código de aeropuerto IATA",
        "P239": "código ICAO",
        "P240": "código de aeropuerto FAA",
        "P241": "rama militar",
        "P242": "mapa de localización",
        "P243": "OCLC",
        "P244": "identificador de la Biblioteca del Congreso",
        "P245": "ULAN",
        "P246": "símbolo químico",
        "P247": "NSSDC ID",
        "P248": "afirmado en",
        "P249": "ticker",
        "P263": "residencia oficial",
        "P264": "sello discográfico",
        "P267": "código ATC",
        "P268": "Identificador BnF",
        "P269": "SUDOC (control de autoría)",
        "P270": "CALIS",
        "P271": "CiNii",
        "P272": "compañía productora",
        "P274": "fórmula química",
        "P275": "licencia",
        "P276": "ubicación actual",
        "P277": "lenguaje de programación",
        "P278": "código GOST 7.75-97",
        "P279": "subclase de",
        "P281": "código postal",
        "P282": "alfabeto",
        "P286": "entrenador",
        "P287": "diseñador",
        "P289": "clase de navío",
        "P291": "lugar de publicación",
        "P296": "código de estación ferroviaria",
        "P297": "código ISO 3166-1 de dos letras",
        "P298": "código ISO 3166-1 de tres letras",
        "P299": "código ISO 3166-1 numérico",
        "P300": "ISO 3166-2",
        "P301": "artículo principal de la categoría",
        "P303": "número EE",
        "P304": "página",
        "P305": "código de idioma IETF",
        "P306": "sistema operativo",
        "P344": "director de fotografía",
        "P345": "identificador IMDb",
        "P347": "Joconde",
        "P348": "versión estable",
        "P349": "identificador NDL",
        "P350": "identificador RKDimages",
        "P351": "Entrez Gene ID",
        "P352": "UniProt ID",
        "P353": "símbolo del gen",
        "P354": "HGNC",
        "P355": "filial",
        "P356": "DOI",
        "P357": "título",
        "P358": "discografía",
        "P359": "identificador Rijksmonument",
        "P360": "lista de",
        "P361": "forma parte de",
        "P364": "idioma original",
        "P366": "uso",
        "P367": "símbolo astronómico",
        "P368": "zona de pruebas-archivos multimedia de Commons",
        "P369": "elemento prueba",
        "P370": "Sandbox-cadena",
        "P371": "presentador",
        "P373": "categoría en Commons",
        "P374": "código municipal del INSEE",
        "P375": "vehículo de lanzamiento",
        "P376": "en el cuerpo astronómico",
        "P377": "SCN",
        "P380": "identificador Mérimée",
        "P381": "identificador KGS",
        "P382": "código CBS de municipio",
        "P387": "cita",
        "P392": "subtítulo",
        "P393": "numero de edición",
        "P395": "código de matrícula",
        "P396": "SBN",
        "P397": "objeto astronómico padre",
        "P398": "objeto astronómico hijo",
        "P399": "compañero de",
        "P400": "plataforma",
        "P402": "identificador OpenStreetMap",
        "P403": "desembocadura del curso de agua",
        "P404": "modo de juego",
        "P405": "autor del taxón",
        "P406": "álbum de banda sonora",
        "P407": "idioma",
        "P408": "motor",
        "P409": "NLA",
        "P410": "rango militar",
        "P411": "estado de canonización",
        "P412": "tesitura",
        "P413": "posición de juego",
        "P414": "bolsa de valores",
        "P415": "formato de radio",
        "P416": "símbolo de cantidad",
        "P417": "patrón",
        "P418": "descripción del sello",
        "P421": "huso horario",
        "P423": "mano para tirar",
        "P424": "código Wikimedia del idioma",
        "P425": "campo de la profesión",
        "P426": "registro de la aeronave",
        "P427": "tipo taxonómico",
        "P428": "abreviatura del autor botánico",
        "P429": "código Dantai de Japón",
        "P432": "indicativo",
        "P433": "número de ejemplar",
        "P434": "identificador de artista MusicBrainz",
        "P435": "identificador de canción MusicBrainz",
        "P436": "identificador de álbum MusicBrainz",
        "P437": "distribución",
        "P438": "inscripción",
        "P439": "número de municipio alemán",
        "P440": "número de distrito en Alemania",
        "P442": "código de división administrativa china",
        "P443": "pronunciación (archivo de sonido)",
        "P444": "puntuación de la crítica",
        "P447": "calificado por",
        "P448": "sitio de lanzamiento",
        "P449": "emisora original",
        "P450": "misión del astronauta",
        "P451": "conviviente",
        "P452": "industria",
        "P453": "papel interpretativo",
        "P454": "identificador Structurae",
        "P455": "identificador Emporis",
        "P457": "texto fundacional",
        "P458": "número IMO",
        "P459": "método de determinación",
        "P460": "se dice que es lo mismo que",
        "P461": "opuesto a",
        "P462": "color",
        "P463": "miembro de",
        "P464": "NOR",
        "P465": "color (hexadecimal sRGB)",
        "P466": "ocupante",
        "P467": "legislado por",
        "P468": "rango dan/kyu",
        "P469": "lagos y embalses en el curso de agua",
        "P470": "registro de ocho banderas",
        "P473": "prefijo telefónico local",
        "P474": "prefijo telefónico internacional",
        "P476": "número CELEX",
        "P477": "identificador Historic Places",
        "P478": "volumen",
        "P479": "dispositivo de entrada",
        "P480": "identificador Filmaffinity",
        "P481": "identificador Palissy",
        "P483": "grabado en",
        "P484": "identificador IMA",
        "P485": "archivado en",
        "P486": "identificador MeSH",
        "P487": "carácter Unicode",
        "P488": "presidente",
        "P489": "descripción del símbolo de divisa",
        "P490": "designación provisional",
        "P491": "diagrama de la órbita",
        "P492": "identificador OMIM",
        "P493": "identificador CIE-9",
        "P494": "identificador CIE-10",
        "P495": "país de origen",
        "P496": "ORCID",
        "P497": "identificador CBDB",
        "P498": "código ISO 4217",
        "P500": "exclave de",
        "P501": "enclave en",
        "P502": "identificador HURDAT",
        "P503": "norma ISO",
        "P504": "puerto de origen",
        "P505": "director general",
        "P506": "ISO 15924",
        "P507": "código de condado sueco",
        "P508": "identificador BNCF",
        "P509": "causa de la muerte",
        "P511": "prefijo honorífico",
        "P512": "grado académico",
        "P513": "nombre de nacimiento (Obsoleto)",
        "P514": "intercalada con",
        "P515": "estado de la materia",
        "P516": "propulsor",
        "P517": "interacción",
        "P518": "parte implicada",
        "P520": "armamento",
        "P521": "destino de servicio programado",
        "P522": "tipo de órbita",
        "P523": "inicio del rango temporal",
        "P524": "fin del rango temporal",
        "P525": "código de municipio sueco",
        "P527": "compuesto de",
        "P528": "código del catálogo",
        "P529": "pista",
        "P530": "relación diplomática",
        "P531": "misión diplomática enviada",
        "P532": "puerto de registro",
        "P533": "objetivo",
        "P534": "color de la raya",
        "P535": "Find a Grave",
        "P536": "identificador ATP",
        "P537": "macla",
        "P538": "fractura",
        "P539": "Museofile",
        "P541": "cargo que elige",
        "P542": "abierto oficialmente por",
        "P543": "juramento tomado por",
        "P545": "antorcha encendida por",
        "P546": "puerto de atraque",
        "P547": "conmemora",
        "P548": "tipo de versión",
        "P549": "identificador MGP",
        "P550": "orden de caballería",
        "P551": "residencia",
        "P552": "destreza manual",
        "P553": "cuenta en red social",
        "P554": "dirección en red social",
        "P555": "Récord dobles",
        "P556": "sistema cristalino",
        "P557": "identificador DiseasesDB",
        "P558": "símbolo de la unidad",
        "P559": "término",
        "P560": "dirección",
        "P561": "código OTAN",
        "P562": "banco central/emisor",
        "P563": "identificador ICD-O",
        "P564": "récord individual",
        "P565": "hábito cristalino",
        "P566": "basónimo",
        "P567": "subyace",
        "P568": "footwall",
        "P569": "fecha de nacimiento",
        "P570": "fecha de fallecimiento",
        "P571": "fecha de fundación/creación",
        "P574": "fecha de descripción científica",
        "P575": "fecha de descubrimiento",
        "P576": "fecha de disolución",
        "P577": "fecha de publicación",
        "P578": "Hora",
        "P579": "estatus IMA",
        "P580": "fecha de inicio",
        "P582": "fecha de fin",
        "P585": "fecha de ocurrencia",
        "P586": "identificador de autor IPNI",
        "P587": "MMSI",
        "P588": "refrigerante",
        "P589": "grupo puntual",
        "P590": "GNIS",
        "P591": "número EC",
        "P592": "ChEMBL",
        "P593": "Homologene ID",
        "P594": "Ensembl ID",
        "P595": "IUPHAR ID",
        "P597": "identificador WTA",
        "P598": "comanda",
        "P599": "identificador ITF",
        "P600": "identificador Wine AppDB",
        "P604": "identificador MedlinePlus",
        "P605": "NUTS",
        "P606": "primer vuelo",
        "P607": "conflictos",
        "P608": "historial de exposiciones",
        "P609": "punto final",
        "P610": "punto más alto",
        "P611": "orden religiosa",
        "P612": "casa madre",
        "P613": "referencia Ordnance Survey",
        "P617": "número del casco",
        "P618": "fuente de energía",
        "P619": "fecha de lanzamiento de la nave espacial",
        "P620": "fecha de aterrizaje de la nave espacial",
        "P621": "fecha de desintegración de la nave espacial",
        "P622": "fechas atraque/desatraque de la nave espacial",
        "P624": "sistema de guiado",
        "P625": "coordenadas",
        "P626": "Entorno de pruebas Geo-coordenadas",
        "P627": "IUCN-ID",
        "P628": "número E",
        "P629": "edición de",
        "P630": "código informático de la ciudad de París",
        "P631": "ingeniero estructural",
        "P632": "identificador cultural de Bielorrusia",
        "P633": "identificador RPCQ",
        "P634": "capitán",
        "P635": "ISTAT ID",
        "P636": "forma de administración",
        "P637": "identificador de proteinas",
        "P638": "PDB ID",
        "P639": "identificador RNA",
        "P640": "identificador Léonore",
        "P641": "deporte",
        "P642": "de",
        "P643": "capítulo Genloc",
        "P644": "inicio Genloc",
        "P645": "final Genloc",
        "P646": "identificador Freebase",
        "P647": "convocado por",
        "P648": "identificador Open Library",
        "P649": "NRHP",
        "P650": "RKDartists",
        "P651": "BPN",
        "P652": "UNII",
        "P653": "PubMed Health",
        "P654": "dirección relativa a la posición",
        "P655": "traductor",
        "P656": "RefSeq",
        "P657": "número RTECS",
        "P658": "lista de canciones",
        "P659": "montaje Genloc",
        "P660": "clasificación EC",
        "P661": "identificador ChemSpider",
        "P662": "identificador PubChem",
        "P663": "identificador DSM IV",
        "P664": "organizador",
        "P665": "identificador KEGG",
        "P667": "identificador ICPC 2",
        "P668": "identificador GeneReviews",
        "P669": "calle",
        "P670": "número de la calle",
        "P671": "identificador Mouse Genome Informatics",
        "P672": "código MeSH",
        "P673": "identificador eMedicine",
        "P674": "personajes",
        "P675": "identificador Google Libros",
        "P676": "letra de",
        "P677": "código ÚSOP",
        "P678": "Incertae sedis",
        "P679": "número ZVG",
        "P680": "función molecular",
        "P681": "componente celular",
        "P682": "proceso biológico",
        "P683": "identificador ChEBI",
        "P684": "ortólogo",
        "P685": "identificador NCBI",
        "P686": "identificador Gene Ontology",
        "P687": "id de página de BHL",
        "P688": "codifica",
        "P689": "afecta",
        "P690": "grupo espacial",
        "P691": "AUT NKC",
        "P692": "imagen Gene Atlas",
        "P693": "exfoliación",
        "P694": "sinónimo reemplazado",
        "P695": "número ONU",
        "P696": "identificador Neurolex",
        "P697": "exautor del taxón",
        "P698": "identificador PubMed",
        "P699": "identificador Disease Ontology",
        "P700": "identificador Kemler",
        "P701": "identificador Dodis",
        "P702": "codificado por",
        "P703": "hallado en el taxón",
        "P704": "identificador de transcripción Ensembl",
        "P705": "identificador de proteína Ensembl",
        "P706": "situado en la unidad geográfica",
        "P707": "bus satelital",
        "P708": "diócesis",
        "P709": "identificador Historic Scotland",
        "P710": "participante",
        "P711": "Strunz 8",
        "P712": "Strunz 9",
        "P713": "Strunz 10",
        "P714": "Dana 8ª edición",
        "P715": "identificador Drugbank",
        "P716": "identificador JPL Small-Body",
        "P717": "código de observación Minor Planet Center",
        "P718": "identificador Canmore",
        "P720": "tipo espectral de asteroide",
        "P721": "identificador OKATO",
        "P722": "código de estación UIC",
        "P723": "identificador DBNL",
        "P724": "Internet Archive ID",
        "P725": "actor de voz",
        "P726": "candidato",
        "P727": "identificador Europeana",
        "P728": "indicador de peligro del SGA",
        "P729": "entrada en servicio",
        "P730": "fecha de retiro",
        "P731": "identificador Litholex",
        "P732": "identificador BGS Lexicon",
        "P733": "DINOloket",
        "P734": "apellido",
        "P735": "nombre",
        "P736": "artista de la portada",
        "P737": "influenciado por",
        "P738": "influencia a",
        "P739": "munición",
        "P740": "lugar de formación",
        "P741": "mano utilizada",
        "P742": "seudónimo",
        "P743": "nombre corto",
        "P744": "familia de asteroides",
        "P745": "identificador PBB",
        "P746": "fecha de desaparición",
        "P747": "edición",
        "P748": "designado por",
        "P749": "empresa matriz",
        "P750": "distribuidor",
        "P751": "característica introducida",
        "P756": "funcionalidad eliminada",
        "P757": "identificador del patrimonio mundial",
        "P758": "identificador Kulturminne",
        "P759": "identificador del registro de lugares históricos de Alberta",
        "P760": "identificador DPLA",
        "P761": "identificador VISS",
        "P762": "identificador de patrimonio cultural checo",
        "P763": "identificador del Registro PEI de Lugares Históricos",
        "P764": "identificador OKTMO",
        "P765": "tipo de superficie",
        "P766": "lugar",
        "P767": "colaborador",
        "P768": "distrito electoral",
        "P769": "efectos alterados por",
        "P770": "causa de destrucción",
        "P771": "código de municipio suizo",
        "P772": "código INE",
        "P773": "ISO 3166-3",
        "P774": "FIPS 55-3",
        "P775": "código de área urbana de Suecia",
        "P776": "Swedish minor urban area code",
        "P777": "Swedish civil parish code/ATA code",
        "P778": "Swedish code for parishes in the Church",
        "P779": "Swedish Pastoratskod",
        "P780": "síntomas",
        "P781": "identificador Sikart",
        "P782": "LAU",
        "P783": "tipo de himenio",
        "P784": "mushroom cap shape",
        "P785": "accesorios del himenio",
        "P786": "stipe character",
        "P787": "spore print color",
        "P788": "tipo de seta ecológica",
        "P789": "comestibilidad",
        "P790": "aprobado por",
        "P791": "identificador ISIL",
        "P792": "capítulo",
        "P793": "evento clave",
        "P794": "como",
        "P795": "distancia a lo largo de",
        "P796": "geo datum",
        "P797": "autoridad ejecutiva",
        "P798": "identificador militar",
        "P799": "especificación del Ministerio del Aire",
        "P800": "obra",
        "P802": "estudiante",
        "P803": "cátedra",
        "P804": "identificador GNIS Antarctica",
        "P805": "elemento correspondiente",
        "P806": "código catastral italiano",
        "P807": "separado de",
        "P808": "código Bien de Interés Cultural",
        "P809": "identificador WDPA",
        "P811": "especialización académica secundaria",
        "P812": "especialización académica",
        "P813": "fecha de acceso",
        "P814": "categoría de áreas protegidas de la IUCN",
        "P815": "identificador ITIS",
        "P816": "se desintegra en",
        "P817": "modo de desintegración",
        "P818": "identificador arXiv eprint",
        "P819": "identificador ADS",
        "P820": "clasificación arXiv",
        "P821": "identificador CGNDB",
        "P822": "mascota",
        "P823": "orador",
        "P824": "identificador Meteoritical Bulletin Database",
        "P825": "dedicado a",
        "P826": "tonalidad",
        "P827": "identificador de programa de la BBC",
        "P828": "causas posibles",
        "P829": "identificador OEIS",
        "P830": "identificador EOL",
        "P831": "club principal",
        "P832": "feriado",
        "P833": "estación de intercambio",
        "P834": "terminal ferroviario",
        "P835": "abreviatura de autor",
        "P836": "código GSS (2011)",
        "P837": "día del año para ocurrencia periódica",
        "P838": "identificador BioLib",
        "P839": "identificador IMSLP",
        "P840": "narración ambientada en",
        "P841": "día de festividad",
        "P842": "identificador Fossilworks",
        "P843": "código SIRUTA",
        "P844": "código UBIGEO",
        "P845": "Saskatchewan Register of Heritage Property identifier",
        "P846": "identificador GBIF",
        "P847": "identificador de la United States Navy",
        "P849": "designación de aviones militares japoneses",
        "P850": "identificador World Register of Marine Species",
        "P852": "clasificación ESRB",
        "P853": "nota CERO",
        "P854": "dirección web",
        "P855": "Zona de pruebas: URL",
        "P856": "sitio web oficial",
        "P857": "CNKI",
        "P858": "identificador ESPN SCRUM",
        "P859": "patrocinador",
        "P860": "identificador e-archiv.li",
        "P861": "identificador premiershiprugby.com",
        "P862": "requerimiento operacional del Ministerio del Aire del Reino Unido",
        "P863": "identificador InPhO",
        "P864": "identificador ACM DL",
        "P865": "identificador BMLO",
        "P866": "Perlentaucher",
        "P867": "código de ocupación ROME",
        "P868": "alimentos tradicionalmente asociados",
        "P870": "instrumentación",
        "P872": "impreso por",
        "P873": "punto de fase",
        "P874": "clasificación de peligros de la ONU",
        "P875": "código de clasificación de la ONU",
        "P876": "grupo de embalaje de la ONU",
        "P877": "NFPA Other",
        "P878": "aviónica",
        "P879": "numero de casco",
        "P880": "CPU",
        "P881": "tipo de estrella variable",
        "P882": "FIPS 6-4 (condados EE. UU.)",
        "P883": "FIPS 5-2 (estados EE. UU.)",
        "P884": "Código Estatal de Registro de Água",
        "P885": "origen del curso de agua",
        "P886": "identificador LIR",
        "P887": "basado en la heurística",
        "P888": "JSTOR",
        "P889": "identificador Mathematical Reviews",
        "P892": "RFC",
        "P893": "Social Science Research Network",
        "P894": "Zentralblatt MATH",
        "P897": "identificador de aeronave",
        "P898": "IPA",
        "P901": "FIPS 10-4 (países y regiones)",
        "P902": "identificador HDS",
        "P905": "identificador PORT",
        "P906": "SELIBR",
        "P907": "identificador AMG",
        "P908": "clasificación PEGI",
        "P909": "identificador Nova Scotia Register of Historic Places",
        "P910": "categoría principal del tema",
        "P911": "código de municipio de Sudáfrica",
        "P912": "instalaciones",
        "P913": "notación",
        "P914": "nota USK",
        "P915": "lugar de filmación",
        "P916": "nota GSRR",
        "P917": "índice GRAU",
        "P918": "código NOC/CNP",
        "P919": "código de ocupación SOC",
        "P920": "Lista de Encabezamientos de Materia para Bibliotecas Públicas",
        "P921": "tema principal de la obra",
        "P922": "ordenamiento magnético",
        "P923": "posibles exámenes",
        "P924": "posibles tratamientos",
        "P925": "conexión presináptica",
        "P926": "conexión postsináptica",
        "P927": "localización anatómica",
        "P928": "neurotransmisor activador",
        "P929": "espacio de color",
        "P930": "tipo de electrificación",
        "P931": "ciudad asociada",
        "P932": "identificador PMCID",
        "P933": "identificador heritagefoundation.ca",
        "P935": "galería Commons",
        "P937": "lugar de trabajo",
        "P938": "identificador FishBase",
        "P939": "identificador KSH",
        "P940": "consejos de precaución GHS",
        "P941": "inspirado por",
        "P942": "música principal",
        "P943": "programador",
        "P944": "código de la nomenclatura",
        "P945": "lealtad",
        "P946": "identificador ISIN",
        "P947": "identificador RSL",
        "P948": "banner de Wikiviajes",
        "P949": "identificador NLI",
        "P950": "identificador BNE",
        "P951": "identificador NSZL",
        "P952": "código CIUO",
        "P953": "texto completo en",
        "P954": "identificador IBNR",
        "P957": "ISBN-10",
        "P958": "sección, versículo o párrafo",
        "P959": "identificador de especies MSW",
        "P960": "identificador Tropicos",
        "P961": "identificador de taxones IPNI",
        "P962": "identificador MycoBank",
        "P963": "streaming media URL",
        "P964": "Código de municipio de Austria",
        "P965": "número de tumba",
        "P966": "identificador MusicBrainz",
        "P967": "invitado de honor",
        "P968": "correo electrónico",
        "P969": "dirección postal",
        "P970": "función neurológica",
        "P971": "temas asociados por la categoría",
        "P972": "catálogo",
        "P973": "descrito en la URL",
        "P974": "afluente",
        "P980": "code for weekend and holiday homes (Sweden)",
        "P981": "código BAG",
        "P982": "identificador de área de MusicBrainz",
        "P984": "código de país COI",
        "P988": "código geográfico estándar filipino",
        "P989": "archivo de audio del elemento",
        "P990": "grabación de voz",
        "P991": "elegido",
        "P993": "código NFPA de salud",
        "P994": "código NFPA de fuego",
        "P995": "código NFPA de reactividad",
        "P996": "fichero digitalizado",
        "P998": "dmoz",
        "P999": "ARICNS",
        "P1000": "récord",
        "P1001": "pertenece a la jurisdicción",
        "P1002": "configuración del motor",
        "P1003": "número de control de autoría de NLR",
        "P1004": "identificador de lugar MusicBrainz",
        "P1005": "identificador PTBNP",
        "P1006": "identificador NTA",
        "P1007": "identificador Plataforma Lattes",
        "P1010": "Iran statistics ID",
        "P1011": "excluido",
        "P1012": "incluido",
        "P1013": "criterio utilizado",
        "P1014": "identificador Tesauro de Arte & Arquitectura",
        "P1015": "identificador BIBSYS",
        "P1016": "taxonomía de asteroides",
        "P1017": "identificador BAV (Vatican Library)",
        "P1018": "institución de normalización",
        "P1019": "url de sindicación de contenidos",
        "P1021": "código de ocupación KldB-2010",
        "P1022": "Código Nacional de Ocupaciones 2011",
        "P1023": "código de ocupación SBC-2010",
        "P1024": "código de ocupación SBIF",
        "P1025": "SUDOC (libros)",
        "P1026": "tesis doctoral",
        "P1027": "conferido por",
        "P1028": "donado por",
        "P1029": "miembro de la tripulación",
        "P1030": "iluminación característica de un faro",
        "P1031": "referencia legal",
        "P1032": "sistema de gestión de derechos digitales",
        "P1033": "palabra de advertencia GHS",
        "P1034": "fuente de alimento principal",
        "P1035": "título de cortesía",
        "P1036": "Sistema Dewey de clasificación",
        "P1037": "gerente/director",
        "P1038": "pariente",
        "P1039": "tipo de parentesco",
        "P1040": "montador",
        "P1041": "Zócalos compatibles",
        "P1042": "identificador ZDB",
        "P1043": "código de ocupación IDEO",
        "P1044": "SWB",
        "P1045": "identificador Sycomore",
        "P1046": "método de descubrimiento",
        "P1047": "identificador Catholic Hierarchy",
        "P1048": "NCL",
        "P1049": "deidad de",
        "P1050": "condición médica",
        "P1051": "identificador PSH",
        "P1052": "código de ocupación portugués CPP-2010",
        "P1053": "identificador ResearcherID",
        "P1054": "número de edición NDL",
        "P1055": "identificador NLM",
        "P1056": "produce",
        "P1057": "cromosoma",
        "P1058": "ERA Journal ID",
        "P1059": "CVR",
        "P1060": "proceso de transmisión del patógeno",
        "P1064": "ancho de vía",
        "P1065": "dirección web de archivo",
        "P1066": "alumno de",
        "P1067": "Código de entidad administrativa de Tailandia",
        "P1068": "conjunto de instrucciones",
        "P1069": "Danemark Job Code (DISCO-08)",
        "P1070": "identificador PlantList",
        "P1071": "lugar de fabricación",
        "P1072": "formatos de archivo legibles",
        "P1073": "formatos de archivo editables",
        "P1074": "análogo ficticio de",
        "P1075": "rector",
        "P1076": "identificador de virus ICTV",
        "P1077": "identificador KOATUU",
        "P1078": "valvetrain configuration",
        "P1079": "contratista del lanzamiento",
        "P1080": "universo ficticio",
        "P1081": "índice de desarrollo humano",
        "P1082": "población",
        "P1083": "número de plazas",
        "P1084": "EUL",
        "P1085": "identificador LibraryThing",
        "P1086": "número atómico",
        "P1087": "puntuación ELO",
        "P1088": "dureza de Mohs",
        "P1090": "corrimiento al rojo",
        "P1092": "total producido",
        "P1093": "tonelaje",
        "P1096": "excentricidad orbital",
        "P1097": "factor-g",
        "P1098": "número de hablantes",
        "P1099": "número de mástiles",
        "P1100": "número de cilindros",
        "P1101": "pisos sobre el suelo",
        "P1102": "achatamiento",
        "P1103": "número de andenes",
        "P1104": "número de páginas",
        "P1106": "sandbox-cantidad",
        "P1107": "proporción",
        "P1108": "electronegatividad",
        "P1109": "índice de refracción",
        "P1110": "asistencia",
        "P1111": "votos recibidos",
        "P1112": "número en la Pokédex",
        "P1113": "longitud de la serie",
        "P1114": "número",
        "P1115": "identificador ATVK",
        "P1116": "código geográfico Kallikratis",
        "P1117": "pKa",
        "P1118": "tennis singles ranking",
        "P1119": "ranking de dobles en tenis",
        "P1120": "número de muertes",
        "P1121": "estado de oxidación",
        "P1122": "número cuántico de espín",
        "P1123": "paridad",
        "P1124": "teu",
        "P1125": "coeficiente de Gini",
        "P1126": "isospin quantum number",
        "P1127": "isospin z-component",
        "P1128": "empleados",
        "P1129": "national team caps",
        "P1130": "títulos en dobles",
        "P1131": "títulos en singles",
        "P1132": "número de participantes",
        "P1133": "identificador DGO4",
        "P1134": "situado en",
        "P1135": "estado de la nomenclatura",
        "P1136": "resuelto por",
        "P1137": "fossil found in this unit",
        "P1138": "Kunstindeks Danmark",
        "P1139": "floors below ground",
        "P1140": "EHAK id",
        "P1141": "cantidad de núcleos",
        "P1142": "ideología política",
        "P1143": "BN (Argentina)",
        "P1144": "LCOC LCCN (bibliographic)",
        "P1145": "punto de Lagrange",
        "P1146": "identificador IAAF",
        "P1148": "número neutrónico",
        "P1149": "Clasificación de la Biblioteca del Congreso",
        "P1150": "Clasificación Regensburg",
        "P1151": "portal principal del tema",
        "P1152": "IPTC Media Topic",
        "P1153": "identificador de autor Scopus",
        "P1154": "identificador de doumento Scopus",
        "P1155": "identificador de afiliación Scopus",
        "P1156": "identificador de fuente Scopus",
        "P1157": "US Congress Bio identifier",
        "P1158": "location of landing",
        "P1159": "CODEN",
        "P1160": "abreviatura ISO 4",
        "P1161": "abreviatura Z39.5",
        "P1162": "abreviatura Bluebook",
        "P1163": "tipo de archivo Internet",
        "P1164": "cardinality of the group",
        "P1165": "mundo de origen",
        "P1167": "identificador de USB",
        "P1168": "código municipal de Dinamarca",
        "P1170": "señal transmitida",
        "P1171": "algoritmo de aproximación",
        "P1172": "Geokod",
        "P1174": "visitantes anuales",
        "P1181": "valor numérico",
        "P1182": "LIBRIS editions",
        "P1183": "Gewässerkennzahl",
        "P1184": "identificador de Handle System",
        "P1185": "identificador Rodovid",
        "P1186": "identificador de diputado europeo",
        "P1187": "identificador de persona Dharma Drum Buddhist College",
        "P1188": "identificador de lugar Dharma Drum Buddhist College",
        "P1189": "identificador CLC",
        "P1190": "Clasificación Decimal Universal",
        "P1191": "estreno",
        "P1192": "servicio de conexión",
        "P1193": "prevalencia",
        "P1194": "señal recibida",
        "P1195": "extensión de archivo",
        "P1196": "circunstancias de la muerte",
        "P1198": "tasa de desempleo",
        "P1199": "modo de herencia",
        "P1200": "categoría de cuenca hidrográfica",
        "P1201": "remolcador espacial",
        "P1202": "instrumentos científicos a bordo",
        "P1203": "identificador de municipio finlandés",
        "P1204": "tema principal del portal",
        "P1207": "NUKAT (control de autoría)",
        "P1208": "ISMN",
        "P1209": "CN",
        "P1210": "supercargador",
        "P1211": "sistema de alimentación",
        "P1212": "Atlas ID",
        "P1213": "NLC (control de autoría)",
        "P1214": "Riksdagen person-id",
        "P1215": "magnitud aparente",
        "P1216": "English Heritage list number",
        "P1217": "identificador de lugar IBDB",
        "P1218": "identificador de producción IBDB",
        "P1219": "identificador de espectáculo IBDB",
        "P1220": "identificador de persona IBDB",
        "P1221": "compressor type",
        "P1222": "identificador de persona NARA",
        "P1223": "identificador de organización NARA",
        "P1224": "identificador geográfico NARA",
        "P1225": "identificador de temas contemporáneos NARA",
        "P1226": "identificador de tipos de registros NARA",
        "P1227": "filtro astronómico",
        "P1228": "Código geográfico de Filipinas",
        "P1229": "identificador Openpolis",
        "P1230": "JSTOR journal code",
        "P1231": "NARA catalogue record ID",
        "P1232": "Linguist list code",
        "P1233": "identificador de autor ISFDB",
        "P1234": "identificador de publicación ISFDB",
        "P1235": "identificador de serie ISFDB",
        "P1236": "código Parsons",
        "P1237": "identificador de película Box Office Mojo",
        "P1238": "identificador Swedish Football Association",
        "P1239": "identificador de editor ISFDB",
        "P1240": "Danish Bibliometric Research Indicator level",
        "P1241": "Swiss Football Association Club Number",
        "P1242": "identificador de obra Theatricalia",
        "P1243": "International Standard Recording Code",
        "P1244": "número de teléfono (URL)",
        "P1245": "definición de significado de OmegaWiki",
        "P1246": "número de patente",
        "P1247": "ratio de compresión",
        "P1248": "KulturNav-id",
        "P1249": "primer registro escrito",
        "P1250": "Danish Bibliometric Research Indicator (BFI) SNO/CNO",
        "P1251": "ABS ASCL code",
        "P1252": "AUSTLANG code",
        "P1253": "BCU Ecrivainsvd",
        "P1254": "Slovenska biografija ID",
        "P1255": "Helveticarchives ID",
        "P1256": "Iconclass notation",
        "P1257": "depicts Iconclass notation",
        "P1258": "identificador Rotten Tomatoes",
        "P1259": "coordenadas del punto de vista",
        "P1260": "Cultural heritage database in Sweden",
        "P1261": "Rundata",
        "P1262": "RAÄ-nummer",
        "P1263": "Notable Names Database",
        "P1264": "valid in period",
        "P1265": "identificador AlloCiné",
        "P1266": "identificador de AlloCiné",
        "P1267": "AlloCiné serie ID",
        "P1268": "representa a la organización",
        "P1269": "faceta de",
        "P1270": "Norway Database for Statistics on Higher education periodical ID",
        "P1271": "Norway Database for Statistics on Higher education publisher ID",
        "P1272": "Norway Import Service and Registration Authority periodical code",
        "P1273": "CANTIC",
        "P1274": "ISFDB title ID",
        "P1275": "Norway Import Service and Registration Authority publisher code",
        "P1276": "Dictionnaire du Jura ID",
        "P1277": "Jufo ID",
        "P1278": "Legal Entity Identifier",
        "P1279": "inflation rate",
        "P1280": "CONOR identifier",
        "P1281": "WOEID",
        "P1282": "OpenStreetMap Tag or Key",
        "P1283": "filmografía",
        "P1284": "Munzinger IBA",
        "P1285": "Munzinger Sport",
        "P1286": "Munzinger Pop",
        "P1287": "KDG Komponisten der Gegenwart",
        "P1288": "KLG Kritisches Lexikon der Gegenwartsliteratur",
        "P1289": "KLfG Kritisches Lexikon der fremdsprachigen Gegenwartsliteratur",
        "P1290": "padrino",
        "P1291": "Association Authors of Switzerland ID",
        "P1292": "DNB (libros)",
        "P1293": "Royal Aero Club Aviator's Certificate ID",
        "P1294": "WWF ecoregion code",
        "P1295": "emisividad",
        "P1296": "identificador de la Gran Enciclopèdia Catalana",
        "P1297": "Número de identificación de empleador para la IRS",
        "P1299": "representado por",
        "P1300": "bibcode",
        "P1301": "número de ascensores",
        "P1302": "primary destinations",
        "P1303": "instrumento",
        "P1304": "banco central",
        "P1305": "Skyscraper Center ID",
        "P1306": "telecode de la estación de tren de China",
        "P1307": "Swiss parliament identifier",
        "P1308": "officeholder",
        "P1309": "EGAXA (control de autoría)",
        "P1310": "statement disputed by",
        "P1311": "lostbridges.org ID",
        "P1312": "faceta del politopo",
        "P1313": "office held by head of government",
        "P1314": "number of spans",
        "P1315": "People Australia identifier",
        "P1316": "SMDB ID",
        "P1317": "floruit",
        "P1318": "probado por",
        "P1319": "fecha más temprana",
        "P1320": "ID en OpenCorporates",
        "P1321": "lugar de origen (Suiza)",
        "P1322": "dual de",
        "P1323": "Terminologia Anatomica 98",
        "P1324": "source code repository",
        "P1325": "datos externos disponibles en",
        "P1326": "fecha más tardía",
        "P1327": "professional or sports partner",
        "P1329": "número de teléfono",
        "P1330": "MusicBrainz instrument ID",
        "P1331": "PACE member ID",
        "P1332": "punto más septentrional",
        "P1333": "punto más meridional",
        "P1334": "punto más oriental",
        "P1335": "punto más occidental",
        "P1336": "territorio reivindicado por",
        "P1338": "EPSG ID",
        "P1339": "número de heridos",
        "P1340": "color de ojos",
        "P1341": "Italian Chamber of Deputies ID",
        "P1342": "número de escaños",
        "P1343": "descrito por",
        "P1344": "participó en",
        "P1345": "number of victims",
        "P1346": "ganador",
        "P1347": "military casualty classification",
        "P1348": "AlgaeBase URL",
        "P1349": "ploidy",
        "P1350": "número de partidos jugados",
        "P1351": "number of points/goals scored",
        "P1352": "ranking",
        "P1353": "ortografía original",
        "P1354": "shown with features",
        "P1355": "matches won/games won",
        "P1356": "matches lost/games lost",
        "P1357": "matches/games drawn/tied",
        "P1358": "points for",
        "P1359": "number of points/goals conceded",
        "P1360": "Monte Carlo Particle Number",
        "P1361": "Anime News Network ID",
        "P1362": "Diccionario Teatral de Suiza",
        "P1363": "puntos/goles marcados por",
        "P1364": "ITTF ID",
        "P1365": "reemplazado",
        "P1366": "reemplazado por",
        "P1367": "identificador BBC Your Paintings",
        "P1368": "LNB identifier",
        "P1369": "Iranian National Heritage registration number",
        "P1370": "ihsi identifier",
        "P1371": "ASI Monument ID",
        "P1372": "binding de biblioteca software",
        "P1373": "viajeros diarios",
        "P1375": "NSK identifier",
        "P1376": "capital de",
        "P1377": "MTR station code",
        "P1378": "China railway TMIS station code",
        "P1380": "ID uglybridges.com",
        "P1381": "bridgehunter.com ID",
        "P1382": "coincide con",
        "P1383": "núcleos de población",
        "P1385": "Enciclopédia Açoriana ID",
        "P1386": "Japanese High School Code",
        "P1387": "political alignment",
        "P1388": "German regional key",
        "P1389": "product certification",
        "P1390": "match time of score (minutes)",
        "P1391": "Index Fungorum ID",
        "P1392": "ComicBookDB ID",
        "P1393": "apoderado",
        "P1394": "Glottolog",
        "P1395": "National Cancer Institute ID",
        "P1396": "Linguasphere",
        "P1397": "Catálogo Estatal de identificador de Nombres Geográficos (Rusia)",
        "P1398": "replaced by structure",
        "P1399": "condenado por",
        "P1400": "FCC Facility ID",
        "P1401": "página de reporte de errores",
        "P1402": "Foundational Model of Anatomy ID",
        "P1403": "original combination",
        "P1404": "World Glacier Inventory ID",
        "P1406": "dirección del texto",
        "P1407": "MusicBrainz series ID",
        "P1408": "licensed to broadcast to",
        "P1409": "Cycling Archives Cyclist ID",
        "P1410": "número de parlamentarios en la legislatura",
        "P1411": "nominado a",
        "P1412": "lenguas habladas",
        "P1413": "SFDb ID",
        "P1414": "GUI toolkit or framework",
        "P1415": "Oxford Biography Index Number",
        "P1416": "afiliación",
        "P1417": "Encyclopædia Britannica Online ID",
        "P1418": "orbits completed",
        "P1419": "forma",
        "P1420": "sinónimo taxonómico",
        "P1421": "GRIN URL",
        "P1422": "Sandrart.net ID",
        "P1423": "template's main topic",
        "P1424": "infobox principal del tema",
        "P1425": "ecoregion (WWF)",
        "P1427": "origen del viaje",
        "P1428": "identificador Lost Art",
        "P1429": "animal de compañía",
        "P1430": "identificador OpenPlaques",
        "P1431": "productor ejecutivo",
        "P1432": "cara B",
        "P1433": "publicado en",
        "P1434": "universo de ficción",
        "P1435": "heritage status",
        "P1436": "collection size",
        "P1437": "plea",
        "P1438": "Jewish Encyclopedia ID (Russian)",
        "P1439": "Norsk filmografi ID",
        "P1440": "Fide ID",
        "P1441": "presente en la obra",
        "P1442": "imagen de la tumba",
        "P1443": "score method",
        "P1444": "journey destination",
        "P1445": "fictional universe described in",
        "P1446": "número de desaparecidos",
        "P1447": "ID de Sports Reference",
        "P1448": "nombre oficial",
        "P1449": "sobrenombre",
        "P1450": "prueba de dato monolingüe",
        "P1451": "lema",
        "P1453": "catholic.ru identifier",
        "P1454": "legal form",
        "P1455": "lista de obras",
        "P1456": "lista de monumentos",
        "P1457": "absolute magnitude",
        "P1458": "color index",
        "P1459": "Cadw Building ID",
        "P1460": "NIEA building ID",
        "P1461": "Patientplus ID",
        "P1462": "standards body",
        "P1463": "PRDL Author ID",
        "P1464": "Nacidos aquí",
        "P1465": "categoría para las personas que fallecieron aquí",
        "P1466": "WALS lect code",
        "P1467": "WALS genus code",
        "P1468": "WALS family code",
        "P1469": "FIFA player code",
        "P1470": "maximum glide ratio ",
        "P1471": "reporting mark",
        "P1472": "plantilla de Creador en Commons",
        "P1473": "Nupill Literatura Digital - Author",
        "P1474": "Nupill Literatura Digital - Document",
        "P1476": "título de la obra",
        "P1477": "nombre de nacimiento",
        "P1478": "causa inmediata",
        "P1479": "factor contribuyente",
        "P1480": "sourcing circumstances",
        "P1481": "vici.org ID",
        "P1482": "Stack Exchange tag",
        "P1483": "kulturnoe-nasledie.ru identifier",
        "P1529": "Glad identifier",
        "P1531": "parents of hybrids",
        "P1532": "country for sport",
        "P1533": "apellido idéntico a este nombre",
        "P1534": "end cause",
        "P1535": "utilizado/a por",
        "P1536": "causa inmediata de",
        "P1537": "factor contribuyente de",
        "P1538": "number of households",
        "P1539": "female population",
        "P1540": "male population",
        "P1541": "Cycling Quotient identifier",
        "P1542": "cause of",
        "P1543": "monogram",
        "P1544": "Federal Register Document Number",
        "P1545": "series ordinal",
        "P1546": "motto",
        "P1547": "depends on",
        "P1548": "maximum Strahler number",
        "P1549": "demonym",
        "P1550": "Orphanet ID",
        "P1551": "Exceptional heritage of Wallonia identifier",
        "P1552": "has quality",
        "P1553": "Yandex.Music ID",
        "P1554": "UBERON ID",
        "P1555": "Executive Order number",
        "P1556": "zbMATH author ID",
        "P1557": "manifestation of",
        "P1558": "indicación de tempo",
        "P1559": "nombre en su idioma nativo",
        "P1560": "given name version for other gender",
        "P1561": "number of survivors",
        "P1562": "identificador Allmovie",
        "P1563": "MacTutor id (biographies)",
        "P1564": "At the Circulating Library ID",
        "P1565": "ID en ELEM",
        "P1566": "GeoNames ID",
        "P1567": "NIS/INS code",
        "P1568": "domain",
        "P1569": "number of edges",
        "P1570": "number of vertices",
        "P1571": "codomain",
        "P1573": "BBC Genome identifier",
        "P1574": "ejemplar de",
        "P1575": "RISS catalog",
        "P1576": "lifestyle",
        "P1577": "Gregory–Aland–Number",
        "P1578": "Gmelin Number",
        "P1579": "Beilstein Registry Number",
        "P1580": "University of Barcelona authority ID",
        "P1581": "official blog",
        "P1582": "natural product of taxon",
        "P1583": "MalaCards ID",
        "P1584": "Pleiades identifier",
        "P1585": "Municipality code of Brazil",
        "P1586": "código Bien Cultural de Interés Nacional",
        "P1587": "Slovene Cultural Heritage Register ID",
        "P1588": "Desa code of Indonesia",
        "P1589": "punto más bajo",
        "P1590": "number of casualties",
        "P1591": "defendant",
        "P1592": "prosecutor",
        "P1593": "defender",
        "P1594": "judge",
        "P1595": "charge",
        "P1596": "penalty",
        "P1597": "Slovene Cultural Heritage designation",
        "P1598": "consecrator",
        "P1599": "Cambridge Alumni Database ID",
        "P1600": "código Inventario del Patrimonio Arquitectónico de Cataluña",
        "P1601": "número de esperantista",
        "P1602": "BBC Your Paintings venue identifier",
        "P1603": "number of cases",
        "P1604": "biosafety level",
        "P1605": "has natural reservoir",
        "P1606": "natural reservoir of",
        "P1607": "Dialnet author",
        "P1608": "Dialnet book",
        "P1609": "Dialnet journal",
        "P1610": "Dialnet article",
        "P1611": "NATO code for grade",
        "P1612": "Commons Institution page",
        "P1613": "IRC channel",
        "P1614": "History of Parliament ID",
        "P1615": "CLARA-ID",
        "P1616": "SIREN number",
        "P1617": "BBC Things identifer",
        "P1618": "squad number",
        "P1619": "time of official opening",
        "P1620": "plaintiff",
        "P1621": "detail map",
        "P1622": "drives on the",
        "P1624": "MarineTraffic Port ID",
        "P1625": "has melody",
        "P1626": "Thai cultural heritage ID",
        "P1627": "SIL code",
        "P1628": "equivalent property",
        "P1629": "subject item",
        "P1630": "formatter URL",
        "P1631": "China Vitae ID",
        "P1632": "Hermann–Mauguin notation",
        "P1635": "religious name",
        "P1636": "date of baptism",
        "P1637": "undercarriage",
        "P1638": "título de trabajo",
        "P1639": "pendant of",
        "P1640": "curator",
        "P1641": "port",
        "P1642": "acquisition transaction",
        "P1643": "departure transaction",
        "P1644": "EgliseInfo ID",
        "P1645": "NIST/CODATA ID",
        "P1646": "mandatory qualifier",
        "P1647": "subproperty of",
        "P1648": "Dictionary of Welsh Biography ID",
        "P1649": "Korean Movie Database ID",
        "P1650": "BBF identifier",
        "P1651": "YouTube video identifier",
        "P1652": "referee",
        "P1653": "TERYT municipality code",
        "P1654": "configuración alar",
        "P1655": "número de estación",
        "P1656": "unveiled by",
        "P1657": "MPAA film rating",
        "P1658": "number of faces"
    },
    "missing": [
        "P1",
        "P2",
        "P3",
        "P4",
        "P5",
        "P8",
        "P11",
        "P12",
        "P13",
        "P23",
        "P24",
        "P28",
        "P29",
        "P32",
        "P33",
        "P34",
        "P42",
        "P46",
        "P48",
        "P49",
        "P52",
        "P55",
        "P56",
        "P60",
        "P62",
        "P63",
        "P64",
        "P67",
        "P68",
        "P70",
        "P71",
        "P72",
        "P73",
        "P74",
        "P75",
        "P76",
        "P77",
        "P79",
        "P80",
        "P82",
        "P83",
        "P89",
        "P90",
        "P93",
        "P95",
        "P96",
        "P99",
        "P100",
        "P104",
        "P116",
        "P120",
        "P124",
        "P125",
        "P130",
        "P133",
        "P139",
        "P142",
        "P145",
        "P146",
        "P147",
        "P148",
        "P151",
        "P152",
        "P153",
        "P160",
        "P164",
        "P165",
        "P168",
        "P173",
        "P174",
        "P182",
        "P187",
        "P188",
        "P191",
        "P192",
        "P202",
        "P203",
        "P204",
        "P211",
        "P216",
        "P222",
        "P224",
        "P226",
        "P228",
        "P250",
        "P251",
        "P252",
        "P253",
        "P254",
        "P255",
        "P256",
        "P257",
        "P258",
        "P259",
        "P260",
        "P261",
        "P262",
        "P265",
        "P266",
        "P273",
        "P280",
        "P283",
        "P284",
        "P285",
        "P288",
        "P290",
        "P292",
        "P293",
        "P294",
        "P295",
        "P302",
        "P307",
        "P308",
        "P309",
        "P310",
        "P311",
        "P312",
        "P313",
        "P314",
        "P315",
        "P316",
        "P317",
        "P318",
        "P319",
        "P320",
        "P321",
        "P322",
        "P323",
        "P324",
        "P325",
        "P326",
        "P327",
        "P328",
        "P329",
        "P330",
        "P331",
        "P332",
        "P333",
        "P334",
        "P335",
        "P336",
        "P337",
        "P338",
        "P339",
        "P340",
        "P341",
        "P342",
        "P343",
        "P346",
        "P362",
        "P363",
        "P365",
        "P372",
        "P378",
        "P379",
        "P383",
        "P384",
        "P385",
        "P386",
        "P388",
        "P389",
        "P390",
        "P391",
        "P394",
        "P401",
        "P419",
        "P420",
        "P422",
        "P430",
        "P431",
        "P441",
        "P445",
        "P446",
        "P456",
        "P471",
        "P472",
        "P475",
        "P482",
        "P499",
        "P510",
        "P519",
        "P526",
        "P540",
        "P544",
        "P572",
        "P573",
        "P581",
        "P583",
        "P584",
        "P596",
        "P601",
        "P602",
        "P603",
        "P614",
        "P615",
        "P616",
        "P623",
        "P666",
        "P719",
        "P752",
        "P753",
        "P754",
        "P755",
        "P801",
        "P810",
        "P848",
        "P851",
        "P869",
        "P871",
        "P890",
        "P891",
        "P895",
        "P896",
        "P899",
        "P900",
        "P903",
        "P904",
        "P934",
        "P936",
        "P955",
        "P956",
        "P975",
        "P976",
        "P977",
        "P978",
        "P979",
        "P983",
        "P985",
        "P986",
        "P987",
        "P992",
        "P997",
        "P1008",
        "P1009",
        "P1020",
        "P1061",
        "P1062",
        "P1063",
        "P1089",
        "P1091",
        "P1094",
        "P1095",
        "P1105",
        "P1147",
        "P1166",
        "P1169",
        "P1173",
        "P1175",
        "P1176",
        "P1177",
        "P1178",
        "P1179",
        "P1180",
        "P1197",
        "P1205",
        "P1206",
        "P1298",
        "P1328",
        "P1337",
        "P1374",
        "P1379",
        "P1384",
        "P1405",
        "P1426",
        "P1452",
        "P1475",
        "P1484",
        "P1485",
        "P1486",
        "P1487",
        "P1488",
        "P1489",
        "P1490",
        "P1491",
        "P1492",
        "P1493",
        "P1494",
        "P1495",
        "P1496",
        "P1497",
        "P1498",
        "P1499",
        "P1500",
        "P1501",
        "P1502",
        "P1503",
        "P1504",
        "P1505",
        "P1506",
        "P1507",
        "P1508",
        "P1509",
        "P1510",
        "P1511",
        "P1512",
        "P1513",
        "P1514",
        "P1515",
        "P1516",
        "P1517",
        "P1518",
        "P1519",
        "P1520",
        "P1521",
        "P1522",
        "P1523",
        "P1524",
        "P1525",
        "P1526",
        "P1527",
        "P1528",
        "P1530",
        "P1572",
        "P1623",
        "P1633",
        "P1634",
        "P1659",
        "P1660",
        "P1661",
        "P1662",
        "P1663",
        "P1664",
        "P1665",
        "P1666",
        "P1667",
        "P1668",
        "P1669",
        "P1670",
        "P1671",
        "P1672",
        "P1673",
        "P1674",
        "P1675",
        "P1676",
        "P1677",
        "P1678",
        "P1679",
        "P1680",
        "P1681",
        "P1682",
        "P1683",
        "P1684",
        "P1685",
        "P1686",
        "P1687",
        "P1688",
        "P1689",
        "P1690",
        "P1691",
        "P1692",
        "P1693",
        "P1694",
        "P1695",
        "P1696",
        "P1697",
        "P1698",
        "P1699",
        "P1700"
    ]
}