{
    "properties": {
        "P6": "Leiter eines Regierungs- oder Verwaltungsorgans",
        "P7": "Bruder",
        "P9": "Schwester",
        "P10": "Video",
        "P14": "Straßenschild",
        "P15": "Straßenkarte",
        "P16": "Straßennetz",
        "P17": "Staat",
        "P18": "Bild",
        "P19": "Geburtsort",
        "P20": "Sterbeort",
        "P21": "Geschlecht",
        "P22": "Vater",
        "P25": "Mutter",
        "P26": "Ehepartner",
        "P27": "Land der Staatsangehörigkeit",
        "P30": "Kontinent",
        "P31": "ist ein(e)",
        "P35": "Staatsoberhaupt",
        "P36": "Hauptstadt",
        "P37": "Amtssprache",
        "P38": "Währung",
        "P39": "öffentliches Amt",
        "P40": "Kinder",
        "P41": "Flagge (Abbildung)",
        "P43": "Stiefvater",
        "P44": "Stiefmutter",
        "P45": "(VERALTET) Großeltern",
        "P47": "gemeinsame Grenze mit",
        "P50": "Autor",
        "P51": "Tondatei",
        "P53": "Adelsgeschlecht",
        "P54": "Mitglied von Sportmannschaft oder -verein",
        "P57": "Regisseur",
        "P58": "Drehbuchautor",
        "P59": "Sternbild",
        "P61": "Entdecker oder Erfinder",
        "P65": "astronomischer Entdeckungsort",
        "P66": "Herkunftsort",
        "P69": "Alma Mater",
        "P78": "Top-Level-Domain",
        "P81": "Linie",
        "P84": "Architekt",
        "P85": "Hymne",
        "P86": "Komponist",
        "P87": "Librettist",
        "P88": "Auftraggeber",
        "P91": "sexuelle Orientierung",
        "P92": "Rechtsgrundlage",
        "P94": "Wappen",
        "P97": "Adelstitel",
        "P98": "Herausgeber",
        "P101": "Arbeitsgebiet",
        "P102": "Parteizugehörigkeit",
        "P103": "Muttersprache",
        "P105": "taxonomischer Rang",
        "P106": "Beruf",
        "P107": "(VERALTET) Haupttyp (GND)",
        "P108": "Arbeitgeber",
        "P109": "Unterschrift",
        "P110": "Illustrator",
        "P111": "gemessene physikalische Größe",
        "P112": "Gründer",
        "P113": "Luftfahrt-Drehkreuz",
        "P114": "Luftfahrtallianz",
        "P115": "Stadion",
        "P117": "chemische Struktur",
        "P118": "Liga",
        "P119": "Begräbnisort",
        "P121": "Luftflotte",
        "P122": "Regierungsform",
        "P123": "Verlag",
        "P126": "Instandhaltung",
        "P127": "Eigentümer",
        "P128": "reguliert",
        "P129": "interagiert physikalisch mit (Molekularbiologie)",
        "P131": "liegt in der Verwaltungseinheit",
        "P132": "(VERALTET) Typ der administrativen Einheit",
        "P134": "Dialekt",
        "P135": "Bewegung",
        "P136": "Genre",
        "P137": "Betreiber",
        "P138": "benannt nach",
        "P140": "Religionszugehörigkeit",
        "P141": "Gefährdungsstufe (IUCN)",
        "P143": "Datenherkunft",
        "P144": "Vorlage",
        "P149": "Architekturstil",
        "P150": "Untereinheit (administrative Einheit)",
        "P154": "Logo",
        "P155": "Vorgänger",
        "P156": "Nachfolger",
        "P157": "getötet durch",
        "P158": "Siegel (Abbildung)",
        "P159": "Hauptverwaltung",
        "P161": "Darsteller",
        "P162": "Produzent",
        "P163": "Flagge (Beschreibung)",
        "P166": "Auszeichnung",
        "P167": "Nachfolgebau",
        "P169": "Geschäftsführer",
        "P170": "Urheber",
        "P171": "übergeordnetes Taxon",
        "P172": "Bevölkerungsgruppe",
        "P175": "Interpret",
        "P176": "Hersteller",
        "P177": "Querung",
        "P178": "Entwickler",
        "P179": "Serie",
        "P180": "Motiv",
        "P181": "Verbreitungskarte des Taxons",
        "P183": "endemisch in",
        "P184": "Doktorvater",
        "P185": "Doktorand",
        "P186": "Material",
        "P189": "Fundort",
        "P190": "Partnerkommune",
        "P193": "Generalbauunternehmer",
        "P194": "gesetzgebende Körperschaft",
        "P195": "Sammlung",
        "P196": "Asteroidengruppe",
        "P197": "benachbarte Station",
        "P198": "Schiffsbauer",
        "P199": "Geschäftsbereich",
        "P200": "Zufluss",
        "P201": "Abfluss",
        "P205": "Anrainerstaat",
        "P206": "liegt am Gewässer",
        "P207": "bathymetrische Karte",
        "P208": "Exekutive",
        "P209": "höchstes Gericht",
        "P210": "oberster Parteifunktionär",
        "P212": "ISBN-13",
        "P213": "ISNI",
        "P214": "VIAF",
        "P215": "Spektralklasse",
        "P217": "Inventarnummer",
        "P218": "ISO 639-1",
        "P219": "ISO 639-2",
        "P220": "ISO 639-3",
        "P221": "ISO 639-6",
        "P223": "Hubble-Sequenz",
        "P225": "wissenschaftlicher Name",
        "P227": "GND-Nummer",
        "P229": "IATA-Airline-Code",
        "P230": "ICAO-Airline-Code",
        "P231": "CAS-Nummer",
        "P232": "EINECS-Nummer",
        "P233": "SMILES",
        "P234": "InChI",
        "P235": "InChIKey",
        "P236": "ISSN",
        "P237": "Wappen (Beschreibung)",
        "P238": "IATA-Flughafencode",
        "P239": "ICAO-Flughafencode",
        "P240": "FAA-Flughafencode",
        "P241": "militärischer Verband",
        "P242": "Lagekarte",
        "P243": "OCLC-ID",
        "P244": "LCNAF",
        "P245": "ULAN",
        "P246": "Elementsymbol",
        "P247": "COSPAR-Bezeichnung",
        "P248": "nachgewiesen in",
        "P249": "Tickersymbol",
        "P263": "Amtssitz",
        "P264": "Musiklabel",
        "P267": "ATC-Code",
        "P268": "BnF",
        "P269": "SUDOC Normdaten",
        "P270": "CALIS",
        "P271": "CiNii Normdaten",
        "P272": "Produktionsgesellschaft",
        "P274": "chemische Formel",
        "P275": "Lizenz",
        "P276": "Ort",
        "P277": "Programmiersprache",
        "P278": "GOST 7.75-97",
        "P279": "ist eine Unterklasse von",
        "P281": "Postleitzahl",
        "P282": "Alphabet",
        "P286": "Trainer",
        "P287": "Designer",
        "P289": "Schiffsklasse",
        "P291": "Erscheinungsort",
        "P296": "Bahnhofscode",
        "P297": "Ländercode (ISO 3166-1 alpha-2)",
        "P298": "Ländercode (ISO 3166-1 alpha-3)",
        "P299": "Ländercode (ISO 3166-1 numerisch)",
        "P300": "ISO 3166-2 Code",
        "P301": "Hauptartikel in der Kategorie",
        "P303": "EE-Nummer",
        "P304": "Seite(n)",
        "P305": "IETF-Code",
        "P306": "Betriebssystem",
        "P344": "Kamera",
        "P345": "IMDb-Identifikationsnummer",
        "P347": "Joconde",
        "P348": "Version",
        "P349": "Web NDL Authorities",
        "P350": "RKD-Werk-ID",
        "P351": "Entrez-Gene-ID",
        "P352": "UniProt-ID",
        "P353": "Gen-Symbol",
        "P354": "HGNC-ID",
        "P355": "Tochtergesellschaft",
        "P356": "DOI",
        "P357": "(VERALTET) Titel (ohne Sprachangabe)",
        "P358": "Diskografie",
        "P359": "Rijksmonument-ID",
        "P360": "Liste von",
        "P361": "ist Teil von",
        "P364": "Sprache des Originalwerks",
        "P366": "Benutzung",
        "P367": "astronomisches Symbol",
        "P368": "Spielwiese: Mediendatei auf Commons",
        "P369": "Spielwiese: Datenobjekt",
        "P370": "Spielwiese: Zeichenkette",
        "P371": "Moderator",
        "P373": "Commons-Kategorie",
        "P374": "INSEE-Gemeindecode",
        "P375": "Trägerrakete",
        "P376": "auf astronomischem Körper",
        "P377": "SCN",
        "P380": "Mérimée-Kennzeichnung",
        "P381": "KGS-DS-Nummer",
        "P382": "CBS-Code",
        "P387": "Zitat",
        "P392": "Untertitel (ohne Sprachangabe)",
        "P393": "Auflage",
        "P395": "Kfz-Kennzeichen",
        "P396": "SBN",
        "P397": "übergeordneter astronomischer Körper",
        "P398": "untergeordneter astronomischer Körper",
        "P399": "Begleiter",
        "P400": "Plattform",
        "P402": "OpenStreetMap-Relations-ID",
        "P403": "Mündung des Wasserlaufs",
        "P404": "Spielmodus",
        "P405": "Autor(en) des Taxons",
        "P406": "Soundtrack",
        "P407": "Sprache des Werks",
        "P408": "Engine",
        "P409": "NLA Authorities",
        "P410": "militärischer Dienstgrad",
        "P411": "Status der Selig- oder Heiligsprechung",
        "P412": "Stimmlage",
        "P413": "Spielerposition",
        "P414": "Börse",
        "P415": "Radioformat",
        "P416": "Formelzeichen",
        "P417": "Schutzpatron",
        "P418": "Siegel (Beschreibung)",
        "P421": "Zeitzone",
        "P423": "Schusshand (links/rechts)",
        "P424": "Wikimedia-Sprachcode",
        "P425": "Betätigungsfeld des Berufes",
        "P426": "Luftfahrzeugkennzeichen",
        "P427": "nomenklatorischer Typ",
        "P428": "botanisches Autorenkürzel gemäß IPNI",
        "P429": "Dantai-Code",
        "P432": "Rufzeichen",
        "P433": "Ausgabe (Nr.)",
        "P434": "MusicBrainz-Künstler-ID",
        "P435": "MusicBrainz-Werk-ID",
        "P436": "MusicBrainz-Veröffentlichungsgruppen-ID",
        "P437": "Materialart/Vertriebsweg",
        "P438": "Inschrift",
        "P439": "Amtlicher Gemeindeschlüssel",
        "P440": "Kreisschlüssel",
        "P442": "chinesischer Code für Verwaltungseinheiten",
        "P443": "Aussprache (Audiodatei)",
        "P444": "Bewertung",
        "P447": "bewertet von",
        "P448": "Startrampe",
        "P449": "Sender der Erstausstrahlung",
        "P450": "Raumfahrtmission",
        "P451": "Lebenspartner",
        "P452": "Branche",
        "P453": "Rolle",
        "P454": "Structurae",
        "P455": "Emporis",
        "P457": "Gründungsvertrag",
        "P458": "IMO-Nummer",
        "P459": "Bestimmungsmethode",
        "P460": "als gleichwertig bezeichnet",
        "P461": "Gegenteil von",
        "P462": "Farbe",
        "P463": "Mitglied von",
        "P464": "NOR",
        "P465": "RGB-Farbraum-Nummer",
        "P466": "Bewohner/Nutzer",
        "P467": "verabschiedet durch",
        "P468": "Dan/Kyū-Rang",
        "P469": "See im Verlauf",
        "P470": "Acht-Banner-Zugehörigkeit",
        "P473": "Ortsvorwahl",
        "P474": "internationale Telefonvorwahl",
        "P476": "CELEX-ID",
        "P477": "Historic-Places-ID",
        "P478": "Band/Jahrgang",
        "P479": "Eingabegerät",
        "P480": "Filmaffinity-Nummer",
        "P481": "Palissy-ID",
        "P483": "Aufnahmeort",
        "P484": "IMA-Nummer",
        "P485": "archiviert in",
        "P486": "MeSH-ID",
        "P487": "Unicodezeichen",
        "P488": "Vorsitzender",
        "P489": "Währungssymbol (Beschreibung)",
        "P490": "provisorischer Name",
        "P491": "Orbit-Diagramm",
        "P492": "OMIM-ID",
        "P493": "ICD-9",
        "P494": "ICD-10",
        "P495": "Ursprungsland",
        "P496": "ORCID",
        "P497": "CBDB-ID",
        "P498": "Währungscode (ISO 4217)",
        "P500": "Exklave von",
        "P501": "Enklave in",
        "P502": "HURDAT-Kennung",
        "P503": "ISO-Norm",
        "P504": "Heimathafen",
        "P505": "Generaldirektor",
        "P506": "ISO 15924",
        "P507": "Provinzcode für Schweden",
        "P508": "BNCF",
        "P509": "Todesursache",
        "P511": "ehrende Anrede",
        "P512": "akademischer Grad",
        "P513": "(VERALTET) Geburtsname (Zeichenkette)",
        "P514": "verzahnt mit",
        "P515": "Aggregatzustand",
        "P516": "Triebwerk",
        "P517": "Wechselwirkung",
        "P518": "betroffener Teil",
        "P520": "Bewaffnung",
        "P521": "Ziel eines Liniendienstes",
        "P522": "Umlaufbahn",
        "P523": "zeitliches Auftreten - Anfang",
        "P524": "zeitliches Auftreten - Ende",
        "P525": "Schwedischer Gemeindeschlüssel",
        "P527": "besteht aus",
        "P528": "Katalognummer",
        "P529": "Start- und Landebahn",
        "P530": "diplomatische Beziehung",
        "P531": "diplomatische Vertretung",
        "P532": "Heimathafen (Schiffsregister)",
        "P533": "Angriffsziel",
        "P534": "Strichfarbe",
        "P535": "Find a Grave",
        "P536": "ATP-Kennung",
        "P537": "Verzwilligung",
        "P538": "Bruch",
        "P539": "Museofile",
        "P541": "zur Wahl stehendes Amt",
        "P542": "offiziell eröffnet von",
        "P543": "Eid abgeleistet von",
        "P545": "Flamme entzündet von",
        "P546": "Docking-Station",
        "P547": "gewidmet",
        "P548": "Entwicklungsstadium (Software)",
        "P549": "MGP-ID",
        "P550": "Ritterorden",
        "P551": "Wohnsitz",
        "P552": "Händigkeit",
        "P553": "Nutzerkonto in sozialem Netzwerk",
        "P554": "Benutzername in sozialem Netzwerk",
        "P555": "Bilanz im Doppel",
        "P556": "Kristallsystem",
        "P557": "DiseasesDB-ID",
        "P558": "Einheitenzeichen",
        "P559": "Endpunkt",
        "P560": "Richtung",
        "P561": "NATO-Codename",
        "P562": "Zentralbank (Währung)",
        "P563": "ICD-O",
        "P564": "Bilanz im Einzel",
        "P565": "Kristallhabitus",
        "P566": "Basionym",
        "P567": "Hangend",
        "P568": "Liegend",
        "P569": "Geburtsdatum",
        "P570": "Sterbedatum",
        "P571": "Gründungs-/Erstellungsdatum",
        "P574": "veröffentlicht im Jahr",
        "P575": "Entdeckungsdatum",
        "P576": "Auflösungsdatum",
        "P577": "Veröffentlichungsdatum",
        "P578": "Spielwiese: Zeit",
        "P579": "IMA-Status",
        "P580": "Startzeitpunkt",
        "P582": "Endzeitpunkt",
        "P585": "Zeitpunkt",
        "P586": "IPNI-Autor-ID",
        "P587": "MMSI",
        "P588": "Kühlmedium",
        "P589": "Punktgruppe",
        "P590": "GNIS",
        "P591": "EC-Nummer",
        "P592": "ChEMBL-ID",
        "P593": "HomoloGene-ID",
        "P594": "Ensembl-ID",
        "P595": "IUPHAR-ID",
        "P597": "WTA-Kennung",
        "P598": "befohlene Einheiten",
        "P599": "ITF-ID",
        "P600": "Wine AppDB-Identifikationsnummer",
        "P604": "MedlinePlus-ID",
        "P605": "NUTS",
        "P606": "Zeitpunkt des ersten Flugs",
        "P607": "Kriegseinsatz",
        "P608": "Ausstellungen",
        "P609": "Endpunkt (Gemeinde)",
        "P610": "höchste Erhebung",
        "P611": "Ordensgemeinschaft",
        "P612": "Mutterkloster",
        "P613": "OS-Planquadrat",
        "P617": "Werftnummer",
        "P618": "Energiequelle",
        "P619": "Start",
        "P620": "Landung",
        "P621": "Wiedereintritt",
        "P622": "Ankopplung/Abkopplung",
        "P624": "Lenksystem",
        "P625": "geographische Koordinaten",
        "P626": "Spielwiese: Geografische Koordinaten",
        "P627": "IUCN-ID",
        "P628": "E-Nummer",
        "P629": "Ausgabe oder Übersetzung von",
        "P630": "Straßen-ID der Stadt Paris",
        "P631": "Statiker",
        "P632": "Kulturdenkmal mit Belarus Identifikationsnummer",
        "P633": "Répertoire du patrimoine culturel du Québec",
        "P634": "Mannschaftskapitän",
        "P635": "ISTAT-ID",
        "P636": "Applikationsform",
        "P637": "Protein-ID",
        "P638": "PDB-ID",
        "P639": "RNA-ID",
        "P640": "Léonore-ID",
        "P641": "Sportart",
        "P642": "von",
        "P643": "(VERALTET) Genloc Chr",
        "P644": "Genloc Start",
        "P645": "Genloc End",
        "P646": "Freebase-ID",
        "P647": "gedraftet durch",
        "P648": "Open-Library-ID",
        "P649": "NRHP-ID",
        "P650": "RKD-Künstler-ID",
        "P651": "BPN",
        "P652": "UNII",
        "P653": "PubMed-Health",
        "P654": "Richtung relativ zur Position",
        "P655": "Übersetzer",
        "P656": "RefSeq",
        "P657": "RTECS-Nummer",
        "P658": "Titelliste",
        "P659": "GenLoc assembly",
        "P660": "EC-Klassifikation",
        "P661": "ChemSpider-ID",
        "P662": "PubChem-ID (CID)",
        "P663": "DSM IV",
        "P664": "Veranstalter",
        "P665": "KEGG ID",
        "P667": "ICPC-2 ID",
        "P668": "GeneReviews-ID",
        "P669": "Straße",
        "P670": "Hausnummer",
        "P671": "Mouse Genome Informatics ID",
        "P672": "MeSH Code",
        "P673": "eMedicine",
        "P674": "Figuren",
        "P675": "Google-Books-ID",
        "P676": "Text von",
        "P677": "ÚSOP-Code",
        "P678": "incertae sedis",
        "P679": "ZVG-Nummer",
        "P680": "Molekularfunktion",
        "P681": "Zellkomponente",
        "P682": "biologischer Prozess",
        "P683": "ChEBI-ID",
        "P684": "Ortholog",
        "P685": "NCBI-ID",
        "P686": "Gene-Ontology-Identifikator",
        "P687": "BHL-Seiten-ID",
        "P688": "kodiert",
        "P689": "befällt",
        "P690": "Raumgruppe",
        "P691": "NK ČR",
        "P692": "Gene Atlas Image",
        "P693": "Spaltbarkeit",
        "P694": "ersetztes Synonym",
        "P695": "UN-Nummer",
        "P696": "Neurolex-ID",
        "P697": "Ex-Autor(en) des Taxons",
        "P698": "PubMed-ID (PMID)",
        "P699": "Disease-Ontology-ID",
        "P700": "Kemler-ID",
        "P701": "Dodis-Nummer",
        "P702": "kodiert von",
        "P703": "auffindbar in Taxon",
        "P704": "Ensembl-Transkript-ID",
        "P705": "Ensembl-Protein-Identifikator",
        "P706": "liegt geografisch in Gebiet oder Gewässer",
        "P707": "Satellitenbus",
        "P708": "Diözese",
        "P709": "Historic-Scotland-ID",
        "P710": "Teilnehmer",
        "P711": "Strunz 8",
        "P712": "Strunz 9",
        "P713": "Strunz 10",
        "P714": "Dana 8. Auflage",
        "P715": "Drugbank-ID",
        "P716": "JPL Small-Body Database ID",
        "P717": "Minor Planet Center Sternwartenkode",
        "P718": "Canmore-ID",
        "P720": "Spektraltyp des Asteroiden",
        "P721": "OKATO-ID",
        "P722": "UIC internationale Bahnhofsnummer",
        "P723": "DBNL-ID",
        "P724": "Internet-Archive-ID",
        "P725": "Synchronsprecher",
        "P726": "Kandidat",
        "P727": "Europeana-ID",
        "P728": "H- und EUH-Sätze",
        "P729": "Zeitpunkt der Inbetriebnahme",
        "P730": "Zeitpunkt der Außerbetriebnahme",
        "P731": "Litholex Primärschlüssel",
        "P732": "BGS-Lexikon-ID",
        "P733": "DINOloket",
        "P734": "Familienname",
        "P735": "Vorname",
        "P736": "Covergestaltung",
        "P737": "beeinflusst von",
        "P738": "beeinflusste",
        "P739": "Patrone",
        "P740": "Gründungsort",
        "P741": "(VERALTET) Spielhand",
        "P742": "Pseudonym",
        "P743": "Kurzname",
        "P744": "Asteroidenfamilie",
        "P745": "PBB-ID",
        "P746": "verschollen seit",
        "P747": "Ausgabe (Edition)",
        "P748": "ernannt durch",
        "P749": "Dachgesellschaft",
        "P750": "Distributor",
        "P751": "eingeführtes Feature",
        "P756": "entferntes Feature",
        "P757": "Welterbe-Referenznummer",
        "P758": "Kulturminne identifier",
        "P759": "Identifizierungsnummer im Alberta Register of Historic Places",
        "P760": "DPLA-ID",
        "P761": "VISS ID",
        "P762": "Tschechisches Kulturdenkmal ID",
        "P763": "PEI Register Historischer Plätze",
        "P764": "OKTMO-ID",
        "P765": "Belag",
        "P766": "(VERALTET) Ort des Ereignisses",
        "P767": "Mitarbeiter",
        "P768": "Wahlbezirk",
        "P769": "Signifikante Arzneimittelwechselwirkung",
        "P770": "Grund der Zerstörung",
        "P771": "Gemeindenummer in der Schweiz",
        "P772": "INE-Gemeindekennung",
        "P773": "ISO 3166-3",
        "P774": "FIPS 55-3 (Orte in USA)",
        "P775": "Schwedischer Code für Gebiete",
        "P776": "Swedish minor urban area code",
        "P777": "Swedish civil parish code/ATA code",
        "P778": "Swedish code for parishes in the Church",
        "P779": "Swedish Pastoratskod",
        "P780": "Symptome",
        "P781": "SIKART",
        "P782": "LAU",
        "P783": "hymenium type",
        "P784": "mushroom cap shape",
        "P785": "Anhaftung des Hymeniums",
        "P786": "stipe character",
        "P787": "spore print color",
        "P788": "mushroom ecological type",
        "P789": "Essbarkeit",
        "P790": "anerkannt von",
        "P791": "ISIL-ID",
        "P792": "Kapitel",
        "P793": "Schlüsselereignis",
        "P794": "als",
        "P795": "Abstand entlang",
        "P796": "geographischer Bezug",
        "P797": "executive authority",
        "P798": "militärische Bezeichnung",
        "P799": "Air Ministry Specification",
        "P800": "Werke",
        "P802": "Studenten",
        "P803": "Professur",
        "P804": "GNIS-Antarctica-ID",
        "P805": "Thema von",
        "P806": "italienische Kataster-ID",
        "P807": "abgetrennt von",
        "P808": "Bien de Interes Cultural-Code",
        "P809": "WDPA-ID",
        "P811": "Nebenfach im Studium",
        "P812": "Hauptfach im Studium",
        "P813": "abgerufen am",
        "P814": "Schutzgebietkategorie der IUCN",
        "P815": "ITIS-TSN",
        "P816": "zerfällt zu",
        "P817": "Zerfallsart",
        "P818": "arXiv ID",
        "P819": "ADS bibcode",
        "P820": "arXiv-Klassifikation",
        "P821": "CGNDB-ID",
        "P822": "Maskottchen",
        "P823": "Redner",
        "P824": "Meteoritical-Bulletin-Identifikator",
        "P825": "Widmung an",
        "P826": "Tonart",
        "P827": "BBC Programm ID",
        "P828": "Ursache",
        "P829": "OEIS-ID",
        "P830": "EOL-ID",
        "P831": "parent club",
        "P832": "Feiertag",
        "P833": "Umsteigebahnhof",
        "P834": "Zug-Depot",
        "P835": "Namenskürzel",
        "P836": "GSS code (2011)",
        "P837": "Jahrestag",
        "P838": "BioLib-ID",
        "P839": "IMSLP-ID",
        "P840": "Handlungsort",
        "P841": "Gedenktag",
        "P842": "Fossilworks-ID",
        "P843": "SIRUTA Code",
        "P844": "UBIGEO Code",
        "P845": "Sawkatchewan'sches Kulturgüterverzeichnis",
        "P846": "GBIF-ID",
        "P847": "United States Navy aircraft designation",
        "P849": "Japanese military aircraft designation",
        "P850": "WoRMS-ID",
        "P852": "ESRB-Altersfreigabe",
        "P853": "CERO-Altersfreigabe",
        "P854": "URL",
        "P855": "Spielwiese: URL",
        "P856": "offizielle Website",
        "P857": "CNKI-ID",
        "P858": "ESPN SCRUM ID",
        "P859": "Sponsor",
        "P860": "e-archiv.li ID",
        "P861": "premiershiprugby.com ID",
        "P862": "Operational Requirement of the UK Air Ministry",
        "P863": "InPhO ID",
        "P864": "ACM Digitale Bibliothek Autoren-ID",
        "P865": "BMLO",
        "P866": "Perlentaucher",
        "P867": "ROME-Berufscode",
        "P868": "foods traditionally associated",
        "P870": "Instrumentation",
        "P872": "Drucker",
        "P873": "Tripelpunkt",
        "P874": "UN-Klasse",
        "P875": "UN code classification",
        "P876": "UN-Verpackungsklasse",
        "P877": "NFPA-Code für Besondere Anweisungen",
        "P878": "Avionik",
        "P879": "Schiffskennung",
        "P880": "CPU",
        "P881": "Typ des veränderlichen Sterns",
        "P882": "FIPS 6-4 (counties in USA)",
        "P883": "FIPS 5-2 (Bundesstaaten der USA)",
        "P884": "Russische Gewässerkennzahl",
        "P885": "Quelle des Wasserlaufs",
        "P886": "LIR",
        "P887": "basierend auf Heuristik",
        "P888": "JSTOR ID",
        "P889": "Mathematischer Rezessions-Identifikator",
        "P892": "RFC",
        "P893": "Sozial-Wissenschaftliches Forschungs-Netzwerk ID",
        "P894": "Zentralblatt MATH",
        "P897": "United States Army and Air Force aircraft designation",
        "P898": "IPA",
        "P901": "FIPS 10-4 (Länder und Unterteilungen weltweit)",
        "P902": "Artikelnummer im HLS",
        "P905": "PORT-Network",
        "P906": "SELIBR",
        "P907": "AMG Spiele ID",
        "P908": "PEGI-Altersfreigabe",
        "P909": "Nova Scotia Indentifikationsregister von \"Historischen Plätzen\"",
        "P910": "Hauptkategorie zum Artikel",
        "P911": "Südafrikanischer Gemeinde-Code",
        "P912": "Einrichtung",
        "P913": "Notation",
        "P914": "USK-Altersfreigabe",
        "P915": "Drehort",
        "P916": "GSRR-Altersfreigabe",
        "P917": "GRAU-Index",
        "P918": "National Occupational Classification Code",
        "P919": "Standard Occupational Classification Code",
        "P920": "Spanische Schlagwörter für öffentliche Bibliotheken",
        "P921": "Schlagwort",
        "P922": "magnetische Ordnung",
        "P923": "medizinische Untersuchungen",
        "P924": "medizinische Behandlungen",
        "P925": "presynaptic connection",
        "P926": "postsynaptic connection",
        "P927": "anatomische Lage",
        "P928": "aktivierender Neurotransmitter",
        "P929": "Farbraum",
        "P930": "Typ der Elektrifizierung",
        "P931": "Flughafen bedient",
        "P932": "PMCID",
        "P933": "heritagefoundation.ca ID",
        "P935": "Commons-Galerie",
        "P937": "Wirkungsstätte",
        "P938": "FishBase-ID",
        "P939": "KSH Code",
        "P940": "P-Sätze",
        "P941": "inspiriert von",
        "P942": "Titelmusik",
        "P943": "Programmierer",
        "P944": "nomenklatorischer Code",
        "P945": "Treuepflicht",
        "P946": "ISIN",
        "P947": "RSL",
        "P948": "Wikivoyage-Banner",
        "P949": "NLI (Israel)",
        "P950": "BNE",
        "P951": "NSZL",
        "P952": "ISCO-Code",
        "P953": "vollständiger Text verfügbar bei",
        "P954": "Internationale Bahnhofsnummer",
        "P957": "ISBN-10",
        "P958": "Absatz, Paragraph oder Vers",
        "P959": "MSW-ID",
        "P960": "Tropicos-ID",
        "P961": "IPNI-TaxonName-ID",
        "P962": "MycoBank-ID",
        "P963": "Streaming-Media-URL",
        "P964": "Gemeindekennziffer in Österreich",
        "P965": "Grabnummer",
        "P966": "MusicBrainz-Label-ID",
        "P967": "Ehrengast",
        "P968": "E-Mail",
        "P969": "Adresse",
        "P970": "neurologische Funktion",
        "P971": "Kategorie kombiniert die Themen",
        "P972": "Katalog",
        "P973": "wird beschrieben in URL",
        "P974": "Nebenfluss",
        "P980": "Code für Wochenend- und Ferienhäuser (Schweden)",
        "P981": "BAG-Code für niederländische Städte",
        "P982": "MusicBrainz-Gebiets-ID",
        "P984": "IOC-Ländercode",
        "P988": "Philippine Standard Geographic Code",
        "P989": "Audiodatei eines gesprochenen Texts",
        "P990": "Sprachaufzeichnung",
        "P991": "erfolgreicher Kandidat",
        "P993": "NFPA-Code für Gesundheitsgefahr",
        "P994": "NFPA-Code für Brandgefahr",
        "P995": "NFPA-Code für Reaktionsgefahr",
        "P996": "Digitalisat",
        "P998": "dmoz",
        "P999": "ARICNS ID",
        "P1000": "Rekord",
        "P1001": "gehört zum Zuständigkeitsbereich",
        "P1002": "Motorbauform",
        "P1003": "NLR (Rumänien)",
        "P1004": "MusicBrainz-Location-ID",
        "P1005": "PTBNP",
        "P1006": "NTA-Nummer",
        "P1007": "Lattes Platform number",
        "P1010": "Iran statistics ID",
        "P1011": "ausgenommen",
        "P1012": "einschließlich",
        "P1013": "verwendetes Kriterium",
        "P1014": "Art & Architecture Thesaurus-ID",
        "P1015": "BIBSYS-ID",
        "P1016": "verwendete Asteroidenklassifikation",
        "P1017": "BAV (Vatikan) ID",
        "P1018": "Kontrollorgan der Sprache",
        "P1019": "feed URL",
        "P1021": "KldB 2010",
        "P1022": "CNO-11 Berufscode",
        "P1023": "SBC-2010 occupation code",
        "P1024": "SBFI Codebesetzung",
        "P1025": "SUDOC Editionen",
        "P1026": "Dissertation",
        "P1027": "Preisverleiher",
        "P1028": "Preisstifter",
        "P1029": "Mannschaftsmitglied",
        "P1030": "Kennung (Leuchtfeuer)",
        "P1031": "Rechtsgemäße Zitierung dieses Textes",
        "P1032": "Digital-Rights-Management-System",
        "P1033": "Signalwort",
        "P1034": "Hauptnahrungsquelle",
        "P1035": "Namenszusatz",
        "P1036": "DDC",
        "P1037": "Leiter/Direktor",
        "P1038": "Verwandte",
        "P1039": "Verwandtschaftsverhältnis",
        "P1040": "Cutter",
        "P1041": "Sockel",
        "P1042": "ZDB-ID",
        "P1043": "IDEO Job ID",
        "P1044": "SWB Online-Katalog",
        "P1045": "Sycomore-ID",
        "P1046": "Nachweismethode",
        "P1047": "Katholische-Hierarchie-ID",
        "P1048": "NCL (Taiwan)",
        "P1049": "Gottheit von",
        "P1050": "Erkrankung",
        "P1051": "PSH-ID",
        "P1052": "Portugiesischer Job Code CPP-2010",
        "P1053": "ResearcherID",
        "P1054": "NDL Editionen",
        "P1055": "NLM-ID",
        "P1056": "produziert",
        "P1057": "Chromosom",
        "P1058": "ERA-Journal-ID",
        "P1059": "CVR",
        "P1060": "Krankheitserregerübertragungsprozess",
        "P1064": "Spurweite",
        "P1065": "Archiv-URL",
        "P1066": "Schüler von",
        "P1067": "thailändische Verwaltungsstrukturkennziffer",
        "P1068": "Befehlssatz",
        "P1069": "Danemark Job Code (DISCO-08)",
        "P1070": "PlantList-ID",
        "P1071": "Herstellungsort",
        "P1072": "Lesbare Dateiformate",
        "P1073": "Schreibbare Dateiformate",
        "P1074": "fiktives Analogon von",
        "P1075": "Rektor",
        "P1076": "ICTV-ID",
        "P1077": "KOATUU-Schlüssel",
        "P1078": "Ventiltrieb",
        "P1079": "launch contractor",
        "P1080": "aus Geschichte oder fiktivem Universum",
        "P1081": "Human Development Index",
        "P1082": "Einwohnerzahl",
        "P1083": "Kapazität",
        "P1084": "EUL-Katalog",
        "P1085": "LibraryThing-Werk-ID",
        "P1086": "Ordnungszahl",
        "P1087": "Elo-Zahl",
        "P1088": "Härte nach Mohs",
        "P1090": "Rotverschiebung",
        "P1092": "Produktionsmenge",
        "P1093": "Bruttoraumzahl",
        "P1096": "Exzentrizität",
        "P1097": "Landé-Faktor",
        "P1098": "Sprecher",
        "P1099": "Masten",
        "P1100": "Zylinder",
        "P1101": "Stockwerke",
        "P1102": "Abplattung",
        "P1103": "Anzahl der Bahnsteige",
        "P1104": "Seiten",
        "P1106": "Spielwiese: Mengen",
        "P1107": "Verhältnis",
        "P1108": "Elektronegativität",
        "P1109": "Brechungsindex",
        "P1110": "Besucherzahl",
        "P1111": "Stimmen",
        "P1112": "Pokédex-Zahl",
        "P1113": "Anzahl von Objekten in einer Serie",
        "P1114": "Anzahl",
        "P1115": "ATVK-ID",
        "P1116": "Kallikratis-ID",
        "P1117": "pKs",
        "P1118": "Tennis-Einzelrang",
        "P1119": "Tennis-Doppelrang",
        "P1120": "Anzahl der Todesfälle",
        "P1121": "Oxidationsstufe",
        "P1122": "Spinquantenzahl",
        "P1123": "Parität",
        "P1124": "TEU",
        "P1125": "Gini-Koeffizient",
        "P1126": "Isospin Quantenzahl",
        "P1127": "Isospin Z-Komponente",
        "P1128": "Beschäftigte",
        "P1129": "Anzahl der Länderspiele",
        "P1130": "Doppeltitel",
        "P1131": "Einzeltitel",
        "P1132": "Anzahl Teilnehmer",
        "P1133": "DGO4-Nummer",
        "P1134": "Lage",
        "P1135": "nomenklatorischer Status",
        "P1136": "Gelöst von",
        "P1137": "Fossilien dieser Einheit",
        "P1138": "Kunstindex Danmark",
        "P1139": "Unterirdische Stockwerke",
        "P1140": "EHAK-ID",
        "P1141": "Anzahl der Prozessorkerne",
        "P1142": "politische Ideologie",
        "P1143": "BN (Argentinien)",
        "P1144": "LoC Editionen",
        "P1145": "Lagrange-Punkt",
        "P1146": "IAAF-ID",
        "P1148": "Neutronenzahl",
        "P1149": "LoC-Klassifikation",
        "P1150": "RVK-Notation",
        "P1151": "Themenportal",
        "P1152": "IPTC Media Topic",
        "P1153": "Scopus-Autor-ID",
        "P1154": "Scopus-Werk-ID",
        "P1155": "Scopus-Organisation-ID",
        "P1156": "Scopus-Quelle-ID",
        "P1157": "US-Kongress-ID",
        "P1158": "Landeplatz",
        "P1159": "CODEN-ID",
        "P1160": "ISO 4 Abkürzung",
        "P1161": "Z39.5 abbreviation",
        "P1162": "Bluebook-Kürzel",
        "P1163": "Internet-Media-Type",
        "P1164": "Kardinalität einer Gruppe",
        "P1165": "Heimatwelt",
        "P1167": "USB-ID",
        "P1168": "Kommunenummer  (Dänemark)",
        "P1170": "übertragenes Signal",
        "P1171": "Approximationsalgorithmus",
        "P1172": "Geokod",
        "P1174": "Besucher pro Jahr",
        "P1181": "numerischer Wert",
        "P1182": "LIBRIS Editionen",
        "P1183": "Gewässerkennzahl",
        "P1184": "Handle",
        "P1185": "Rodovid-ID",
        "P1186": "MdEP-ID",
        "P1187": "DDBC-Personen-ID",
        "P1188": "DDBC-Orts-ID",
        "P1189": "Chinesische Bibliotheksklassifikation",
        "P1190": "Universelle Dezimalklassifikation",
        "P1191": "Erst- oder Uraufführung",
        "P1192": "Umsteigemöglichkeiten",
        "P1193": "Prävalenz",
        "P1194": "empfangenes Signal",
        "P1195": "Dateinamenserweiterung",
        "P1196": "Todesart",
        "P1198": "Arbeitslosenquote",
        "P1199": "mode of inheritance",
        "P1200": "Flusssystem-Kategorie",
        "P1201": "Raumschlepper",
        "P1202": "mitgeführtes wissenschaftliches Gerät",
        "P1203": "Finnische Gemeindennummer",
        "P1204": "Hauptthema des Portals",
        "P1207": "NUKAT Normdaten",
        "P1208": "ISMN",
        "P1209": "CN",
        "P1210": "Kompressor",
        "P1211": "Kraftstoffversorgung",
        "P1212": "Atlas-ID",
        "P1213": "NLC (China)",
        "P1214": "Schwedische-Reichstags-ID",
        "P1215": "scheinbare Helligkeit",
        "P1216": "Listennummer der Organisation für Denkmalschutz in England",
        "P1217": "IBDB venue ID",
        "P1218": "IBDB production ID",
        "P1219": "IBDB Show ID",
        "P1220": "IBDB Personen ID",
        "P1221": "Kompressortyp",
        "P1222": "NARA-Personen-ID",
        "P1223": "NARA-Organisationen-ID",
        "P1224": "NARA-Geographikum-ID",
        "P1225": "NARA Fachgebiets-ID",
        "P1226": "NARA Spezifischer Dokumententyp ID",
        "P1227": "Astronomischer Filter",
        "P1228": "Philippinischer Geografischer Standard Code ID",
        "P1229": "Openpolis-ID",
        "P1230": "JSTOR-Archiv-ID",
        "P1231": "NARA Katalogdatensatz ID",
        "P1232": "Linguist Listencode",
        "P1233": "ISFDB autor-ID",
        "P1234": "ISFDB publikation-ID",
        "P1235": "ISFDB serie-ID",
        "P1236": "Parsons-Code",
        "P1237": "Box Office Mojo Film ID",
        "P1238": "Schwedische Fußballassoziation ID",
        "P1239": "ISFDB Verleger-ID",
        "P1240": "Danish Bibliometric Research Indicator level",
        "P1241": "SFV-Vereinsnummer",
        "P1242": "Theatricalia-Werk-ID",
        "P1243": "International Standard Recording Code",
        "P1244": "Telefonnummer (URL)",
        "P1245": "Bedeutungsdefinition in OmegaWiki",
        "P1246": "Patentnummer",
        "P1247": "Verdichtungsverhältnis",
        "P1248": "KulturNav-id",
        "P1249": "erste schriftliche Erwähnung",
        "P1250": "Dänischer Bibliometrischer Forschungsindikator (BFI) SNO/CNO",
        "P1251": "ABS ASCL-ID",
        "P1252": "AUSTLANG-ID",
        "P1253": "BCU Ecrivainsvd-ID",
        "P1254": "Slovenska Biografija ID",
        "P1255": "Helveticarchives ID",
        "P1256": "Iconclass ID",
        "P1257": "Darstellung der Iconclass-Kennung",
        "P1258": "Rotten Tomatoes-ID",
        "P1259": "Koordinaten des Standpunktes",
        "P1260": "Cultural heritage database in Sweden",
        "P1261": "Rundata",
        "P1262": "RAÄ-nummer",
        "P1263": "Notable Names Database",
        "P1264": "betroffener Zeitraum",
        "P1265": "AlloCiné Film-ID",
        "P1266": "AlloCiné Person-ID",
        "P1267": "AlloCiné Serie-ID",
        "P1268": "repräsentierte Organisation",
        "P1269": "Aspekt von",
        "P1270": "Norway Database for Statistics on Higher education periodical ID",
        "P1271": "Norway Database for Statistics on Higher education publisher ID",
        "P1272": "Norway Import Service and Registration Authority periodical code",
        "P1273": "CANTIC-ID",
        "P1274": "ISFDB Titel-ID",
        "P1275": "Norway Import Service and Registration Authority publisher code",
        "P1276": "Dictionnaire du Jura ID",
        "P1277": "Jufo ID",
        "P1278": "Rechtsträger-Kennung",
        "P1279": "Inflationsrate",
        "P1280": "CONOR-ID",
        "P1281": "WOEID",
        "P1282": "OpenStreetMap Tag oder Key",
        "P1283": "Filmografie",
        "P1284": "Munzinger Personen",
        "P1285": "Munzinger Sport",
        "P1286": "Munzinger Pop",
        "P1287": "Komponisten der Gegenwart",
        "P1288": "Kritisches Lexikon der Gegenwartsliteratur",
        "P1289": "Kritisches Lexikon der fremdsprachigen Gegenwartsliteratur",
        "P1290": "Pate",
        "P1291": "Lexikon des Vereins Autorinnen und Autoren der Schweiz (AdS)",
        "P1292": "DNB Editionen",
        "P1293": "Royal Aero Club Aviator's Certificate ID",
        "P1294": "WWF-Ökoregion",
        "P1295": "Emissionsgrad",
        "P1296": "Große katalanische Enzyklopädie",
        "P1297": "IRS Employer Identification Number",
        "P1299": "dargestellt von",
        "P1300": "Bibcode",
        "P1301": "Anzahl der Aufzüge",
        "P1302": "Hauptorte",
        "P1303": "Instrument",
        "P1304": "Zentralbank (Land)",
        "P1305": "Skyscraper Center ID",
        "P1306": "China Eisenbahnstation Fernschreibcode",
        "P1307": "Parlament.ch-ID",
        "P1308": "Amtsinhaber",
        "P1309": "EGAXA",
        "P1310": "Aussage bestritten von",
        "P1311": "lostbridges.org ID",
        "P1312": "Facette des Polytops",
        "P1313": "oberstes Regierungsamt",
        "P1314": "Anzahl der Überspannungen",
        "P1315": "NLA Persistent Identifier",
        "P1316": "SMDB ID",
        "P1317": "bl.",
        "P1318": "bewiesen durch",
        "P1319": "frühestmöglicher Zeitpunkt",
        "P1320": "OpenCorporates ID",
        "P1321": "Heimatort (Schweiz)",
        "P1322": "dual zu",
        "P1323": "Terminologia Anatomica 98",
        "P1324": "Versionsverwaltung des Quellcodes",
        "P1325": "externe Daten verfügbar unter",
        "P1326": "spätestmöglicher Zeitpunkt",
        "P1327": "professional or sports partner",
        "P1329": "Telefonnummer",
        "P1330": "MusicBrainz-Instrument-ID",
        "P1331": "PACE-Mitglieder-ID",
        "P1332": "nördlichster Punkt",
        "P1333": "südlichster Punkt",
        "P1334": "östlichster Punkt",
        "P1335": "westlichster Punkt",
        "P1336": "Gebiet wird beansprucht von",
        "P1338": "EPSG ID",
        "P1339": "Anzahl der Verletzten",
        "P1340": "Augenfarbe",
        "P1341": "Camera-dei-deputati-ID",
        "P1342": "Anzahl der Sitze",
        "P1343": "beschrieben in",
        "P1344": "Teilnehmer an",
        "P1345": "Anzahl der Opfer (Serienmörder)",
        "P1346": "Sieger",
        "P1347": "military casualty classification",
        "P1348": "AlgaeBase-URL",
        "P1349": "Ploidiegrad",
        "P1350": "Anzahl der gespielten Partien",
        "P1351": "erzielte Punkte",
        "P1352": "Rang",
        "P1353": "ursprüngliche Schreibweise",
        "P1354": "shown with features",
        "P1355": "Spiele gewonnen",
        "P1356": "Spiele verloren",
        "P1357": "Spiele unentschieden",
        "P1358": "Erzielte Punkte",
        "P1359": "Gegentore",
        "P1360": "Monte-Carlo-Teilchennummer",
        "P1361": "Anime News Network ID",
        "P1362": "Theaterlexikon der Schweiz",
        "P1363": "Punkt/Treffer erzielt durch",
        "P1364": "ITTF-ID",
        "P1365": "ersetzt",
        "P1366": "ersetzt durch",
        "P1367": "BBC Your Paintings Künstler-ID",
        "P1368": "LNB",
        "P1369": "Iranian National Heritage registration number",
        "P1370": "ihsi identifier",
        "P1371": "ASI Monument-ID",
        "P1372": "Sprachanbindung für",
        "P1373": "täglich befördert",
        "P1375": "NSK",
        "P1376": "Hauptstadt von",
        "P1377": "MTR station code",
        "P1378": "China Eisenbahnstation TMIS-Code",
        "P1380": "uglybridges.com-ID",
        "P1381": "bridgehunter.com-ID",
        "P1382": "übereinstimmend mit",
        "P1383": "enthält Siedlung",
        "P1385": "Enciclopédia Açoriana ID",
        "P1386": "Japanese High School Code",
        "P1387": "politische Ausrichtung",
        "P1388": "Regionalschlüssel",
        "P1389": "Produkt Zertifikat",
        "P1390": "match time of score (minutes)",
        "P1391": "Index-Fungorum-ID",
        "P1392": "ComicBookDB-ID",
        "P1393": "Bevollmächtigte",
        "P1394": "Glottolog code",
        "P1395": "National-Cancer-Institute-ID",
        "P1396": "Linguasphere code",
        "P1397": "Staatskatalog der geografischen Namen (Russland)",
        "P1398": "ersetzt durch Gebäude",
        "P1399": "verurteilt wegen",
        "P1400": "FCC Facility ID",
        "P1401": "Webseite für Programmfehlermeldungen",
        "P1402": "Foundational Model of Anatomy ID",
        "P1403": "Erstkombination",
        "P1404": "Weltgletscherinventar-ID",
        "P1406": "Schreibrichtung",
        "P1407": "MusicBrainz-Serien-ID",
        "P1408": "licensed to broadcast to",
        "P1409": "Cycling Archives ID",
        "P1410": "Anzahl der Sitze in gesetzgebendem Organ",
        "P1411": "nominiert für",
        "P1412": "gesprochene oder publizierte Sprachen",
        "P1413": "SFDb ID",
        "P1414": "GUI-Bibliothek",
        "P1415": "Oxford Biography Index Number",
        "P1416": "Zugehörigkeit zu",
        "P1417": "Encyclopædia Britannica Online-ID",
        "P1418": "orbits completed",
        "P1419": "Form",
        "P1420": "taxonomische Synonyme",
        "P1421": "GRIN-URL",
        "P1422": "Sandrart.net-Personen-ID",
        "P1423": "Haupt-Thema der Vorlage",
        "P1424": "Haupt-Vorlage des Themas",
        "P1425": "Ökoregion (WWF)",
        "P1427": "Ausgangspunkt der Reise",
        "P1428": "Lost Art-ID",
        "P1429": "Haustier",
        "P1430": "OpenPlaques-Themen-ID",
        "P1431": "Produktionsleiter",
        "P1432": "B-Seite",
        "P1433": "veröffentlicht in",
        "P1434": "beschreibt fiktives Universum",
        "P1435": "Kulturerbestatus",
        "P1436": "Anzahl der Exponate",
        "P1437": "Plädoyer der Verteidigung",
        "P1438": "Jewish Encyclopedia ID (russisch)",
        "P1439": "Norsk filmografi ID",
        "P1440": "Fide ID",
        "P1441": "kommt vor in",
        "P1442": "Bild des Grabes",
        "P1443": "Methode zum Erzielen des Punkts/Treffers",
        "P1444": "Reiseziel",
        "P1445": "Fiktives Universum wird beschrieben in",
        "P1446": "Anzahl der Vermissten",
        "P1447": "URL-Path der Website sports-reference.com",
        "P1448": "Offizieller Name",
        "P1449": "Spitzname",
        "P1450": "Spielwiese: Einsprachiger Text",
        "P1451": "Mottotext",
        "P1453": "catholic.ru-ID",
        "P1454": "Rechtsform",
        "P1455": "Werkliste",
        "P1456": "Liste der Denkmale",
        "P1457": "absolute Helligkeit",
        "P1458": "Farbindex",
        "P1459": "Cadw-Gebäude-ID",
        "P1460": "NIEA-Gebäude-ID",
        "P1461": "Patientplus ID",
        "P1462": "Standard setzende Körperschaft",
        "P1463": "PRDL ID",
        "P1464": "Kategorie für hier geborene Personen",
        "P1465": "Kategorie für hier gestorbene Personen",
        "P1466": "WALS lect code",
        "P1467": "WALS Genus Code",
        "P1468": "WALS family code",
        "P1469": "FIFA Spieler ID",
        "P1470": "maximale Gleitzahl",
        "P1471": "reporting mark",
        "P1472": "Commons-Creator-Vorlage",
        "P1473": "Nupill Literatura Digital - Autor",
        "P1474": "Nupill Literatura Digital - Dokument",
        "P1476": "Titel",
        "P1477": "Geburtsname",
        "P1478": "hat unmittelbare Auswirkung",
        "P1479": "entscheidender Faktor",
        "P1480": "Qualifikator für Behauptung",
        "P1481": "vici.org ID",
        "P1482": "Stack-Exchange-Kennzeichnung",
        "P1483": "kulturnoe-nasledie.ru-ID",
        "P1529": "Glad identifier",
        "P1531": "Hybrideltern",
        "P1532": "Land (Sport)",
        "P1533": "Familienname identisch zu diesem Vornamen",
        "P1534": "Ursache für Ende",
        "P1535": "verwendet von",
        "P1536": "direkte Ursache von",
        "P1537": "contributing factor of",
        "P1538": "Anzahl der Haushalte",
        "P1539": "female population",
        "P1540": "male population",
        "P1541": "Cycling Quotient-ID",
        "P1542": "Ursache von",
        "P1543": "Monogramm",
        "P1544": "Federal Register Document Number",
        "P1545": "Ordnungsnummer",
        "P1546": "Motto",
        "P1547": "depends on",
        "P1548": "maximum Strahler number",
        "P1549": "Demonym",
        "P1550": "Orphanet-ID",
        "P1551": "Identifikator eines außergewöhnlichen wallonischen Kulturgutes",
        "P1552": "charakterisiert durch",
        "P1553": "Yandex.Music-ID",
        "P1554": "UBERON-ID",
        "P1555": "Executive Order number",
        "P1556": "zbMATH Autoren-ID",
        "P1557": "Manifestation von",
        "P1558": "Tempoangabe",
        "P1559": "Name in Muttersprache",
        "P1560": "äquivalenter Vorname für das andere Geschlecht",
        "P1561": "Anzahl der Überlebenden",
        "P1562": "allmovie-Identifikationsnummer",
        "P1563": "MacTutor ID",
        "P1564": "At-the-Circulating-Library-ID",
        "P1565": "Enciclopedia de la Literatura en México ID",
        "P1566": "GeoNames-Kennung",
        "P1567": "NIS/INS code",
        "P1568": "domain",
        "P1569": "Anzahl Kanten",
        "P1570": "Anzahl Ecken",
        "P1571": "Zielmenge",
        "P1573": "BBC Genom ID",
        "P1574": "Exemplar von",
        "P1575": "RISS-Katalog",
        "P1576": "Lebensstil",
        "P1577": "Gregory–Aland–Nummer",
        "P1578": "Gmelin Number",
        "P1579": "Beilstein Registraturnummer",
        "P1580": "Universität-Barcelona-ID",
        "P1581": "Offizieller Blog",
        "P1582": "natural product of taxon",
        "P1583": "MalaCards ID",
        "P1584": "Pleiades-ID",
        "P1585": "Gemeindenummer in Brasilien",
        "P1586": "Katalanisches Objekt von kultureller Bedeutung ID",
        "P1587": "Eintrag im slowenischen Kulturerberegister",
        "P1588": "Desanummer in Indonesien",
        "P1589": "Tiefster Punkt",
        "P1590": "Anzahl der Opfer (Ereignisse)",
        "P1591": "Angeklagter",
        "P1592": "Ankläger",
        "P1593": "Verteidiger",
        "P1594": "Richter",
        "P1595": "Anklage",
        "P1596": "Strafe",
        "P1597": "Slovene Cultural Heritage designation",
        "P1598": "Konsekrator",
        "P1599": "Cambridge Alumni Datenbank-ID",
        "P1600": "Inventari del Patrimoni Arquitectònic de Catalunya-ID",
        "P1601": "Esperantist-Nummer",
        "P1602": "BBC Your Paintings venue-ID",
        "P1603": "Anzahl der Erkrankungsfälle",
        "P1604": "Biologische Schutzstufe",
        "P1605": "has natural reservoir",
        "P1606": "natural reservoir of",
        "P1607": "Dialnet-Autor-ID",
        "P1608": "Dialnet-Buch-ID",
        "P1609": "Dialnet-Zeitschrift-ID",
        "P1610": "Dialnet-Aufsatz-ID",
        "P1611": "NATO Code für Dienstgrad",
        "P1612": "Commons Vorlage Institution",
        "P1613": "IRC-Kanal",
        "P1614": "History of Parliament ID",
        "P1615": "CLARA-ID",
        "P1616": "SIREN Nummer",
        "P1617": "BBC Things-ID",
        "P1618": "Spielernummer",
        "P1619": "Eröffnungsdatum",
        "P1620": "Kläger",
        "P1621": "Detailkarte",
        "P1622": "Fahrseite",
        "P1624": "MarineTraffic Port ID",
        "P1625": "Herkunft der Melodie",
        "P1626": "Thailändische Kulturdenkmal ID",
        "P1627": "SIL-Code",
        "P1628": "äquivalente Eigenschaft",
        "P1629": "entsprechendes Item",
        "P1630": "URL-Formatierer",
        "P1631": "China Vitae-ID",
        "P1632": "Hermann-Mauguin-Symbolik",
        "P1635": "Ordensname",
        "P1636": "Taufdatum",
        "P1637": "undercarriage",
        "P1638": "Arbeitstitel",
        "P1639": "Pendant",
        "P1640": "Kurator",
        "P1641": "Port",
        "P1642": "acquisition transaction",
        "P1643": "departure transaction",
        "P1644": "EgliseInfo ID",
        "P1645": "NIST/CODATA ID",
        "P1646": "Pflichtangabe",
        "P1647": "subproperty of",
        "P1648": "Dictionary of Welsh Biography ID",
        "P1649": "Korean Movie Database ID",
        "P1650": "BBF-ID",
        "P1651": "YouTube Video Kennung",
        "P1652": "Schiedsrichter",
        "P1653": "TERYT municipality code",
        "P1654": "wing configuration",
        "P1655": "station number",
        "P1656": "unveiled by",
        "P1657": "MPAA film rating",
        "P1658": "Anzahl der Seitenflächen"
    },
    "missing": [
        "P1",
        "P2",
        "P3",
        "P4",
        "P5",
        "P8",
        "P11",
        "P12",
        "P13",
        "P23",
        "P24",
        "P28",
        "P29",
        "P32",
        "P33",
        "P34",
        "P42",
        "P46",
        "P48",
        "P49",
        "P52",
        "P55",
        "P56",
        "P60",
        "P62",
        "P63",
        "P64",
        "P67",
        "P68",
        "P70",
        "P71",
        "P72",
        "P73",
        "P74",
        "P75",
        "P76",
        "P77",
        "P79",
        "P80",
        "P82",
        "P83",
        "P89",
        "P90",
        "P93",
        "P95",
        "P96",
        "P99",
        "P100",
        "P104",
        "P116",
        "P120",
        "P124",
        "P125",
        "P130",
        "P133",
        "P139",
        "P142",
        "P145",
        "P146",
        "P147",
        "P148",
        "P151",
        "P152",
        "P153",
        "P160",
        "P164",
        "P165",
        "P168",
        "P173",
        "P174",
        "P182",
        "P187",
        "P188",
        "P191",
        "P192",
        "P202",
        "P203",
        "P204",
        "P211",
        "P216",
        "P222",
        "P224",
        "P226",
        "P228",
        "P250",
        "P251",
        "P252",
        "P253",
        "P254",
        "P255",
        "P256",
        "P257",
        "P258",
        "P259",
        "P260",
        "P261",
        "P262",
        "P265",
        "P266",
        "P273",
        "P280",
        "P283",
        "P284",
        "P285",
        "P288",
        "P290",
        "P292",
        "P293",
        "P294",
        "P295",
        "P302",
        "P307",
        "P308",
        "P309",
        "P310",
        "P311",
        "P312",
        "P313",
        "P314",
        "P315",
        "P316",
        "P317",
        "P318",
        "P319",
        "P320",
        "P321",
        "P322",
        "P323",
        "P324",
        "P325",
        "P326",
        "P327",
        "P328",
        "P329",
        "P330",
        "P331",
        "P332",
        "P333",
        "P334",
        "P335",
        "P336",
        "P337",
        "P338",
        "P339",
        "P340",
        "P341",
        "P342",
        "P343",
        "P346",
        "P362",
        "P363",
        "P365",
        "P372",
        "P378",
        "P379",
        "P383",
        "P384",
        "P385",
        "P386",
        "P388",
        "P389",
        "P390",
        "P391",
        "P394",
        "P401",
        "P419",
        "P420",
        "P422",
        "P430",
        "P431",
        "P441",
        "P445",
        "P446",
        "P456",
        "P471",
        "P472",
        "P475",
        "P482",
        "P499",
        "P510",
        "P519",
        "P526",
        "P540",
        "P544",
        "P572",
        "P573",
        "P581",
        "P583",
        "P584",
        "P596",
        "P601",
        "P602",
        "P603",
        "P614",
        "P615",
        "P616",
        "P623",
        "P666",
        "P719",
        "P752",
        "P753",
        "P754",
        "P755",
        "P801",
        "P810",
        "P848",
        "P851",
        "P869",
        "P871",
        "P890",
        "P891",
        "P895",
        "P896",
        "P899",
        "P900",
        "P903",
        "P904",
        "P934",
        "P936",
        "P955",
        "P956",
        "P975",
        "P976",
        "P977",
        "P978",
        "P979",
        "P983",
        "P985",
        "P986",
        "P987",
        "P992",
        "P997",
        "P1008",
        "P1009",
        "P1020",
        "P1061",
        "P1062",
        "P1063",
        "P1089",
        "P1091",
        "P1094",
        "P1095",
        "P1105",
        "P1147",
        "P1166",
        "P1169",
        "P1173",
        "P1175",
        "P1176",
        "P1177",
        "P1178",
        "P1179",
        "P1180",
        "P1197",
        "P1205",
        "P1206",
        "P1298",
        "P1328",
        "P1337",
        "P1374",
        "P1379",
        "P1384",
        "P1405",
        "P1426",
        "P1452",
        "P1475",
        "P1484",
        "P1485",
        "P1486",
        "P1487",
        "P1488",
        "P1489",
        "P1490",
        "P1491",
        "P1492",
        "P1493",
        "P1494",
        "P1495",
        "P1496",
        "P1497",
        "P1498",
        "P1499",
        "P1500",
        "P1501",
        "P1502",
        "P1503",
        "P1504",
        "P1505",
        "P1506",
        "P1507",
        "P1508",
        "P1509",
        "P1510",
        "P1511",
        "P1512",
        "P1513",
        "P1514",
        "P1515",
        "P1516",
        "P1517",
        "P1518",
        "P1519",
        "P1520",
        "P1521",
        "P1522",
        "P1523",
        "P1524",
        "P1525",
        "P1526",
        "P1527",
        "P1528",
        "P1530",
        "P1572",
        "P1623",
        "P1633",
        "P1634",
        "P1659",
        "P1660",
        "P1661",
        "P1662",
        "P1663",
        "P1664",
        "P1665",
        "P1666",
        "P1667",
        "P1668",
        "P1669",
        "P1670",
        "P1671",
        "P1672",
        "P1673",
        "P1674",
        "P1675",
        "P1676",
        "P1677",
        "P1678",
        "P1679",
        "P1680",
        "P1681",
        "P1682",
        "P1683",
        "P1684",
        "P1685",
        "P1686",
        "P1687",
        "P1688",
        "P1689",
        "P1690",
        "P1691",
        "P1692",
        "P1693",
        "P1694",
        "P1695",
        "P1696",
        "P1697",
        "P1698",
        "P1699",
        "P1700"
    ]
}