{
    "properties": {
        "P6": "capo del governo",
        "P7": "fratello",
        "P9": "sorella",
        "P10": "video",
        "P14": "simbolo dell'autostrada",
        "P15": "mappa stradale",
        "P16": "sistema autostradale",
        "P17": "Stato",
        "P18": "immagine",
        "P19": "luogo di nascita",
        "P20": "luogo di morte",
        "P21": "sesso o genere",
        "P22": "padre",
        "P25": "madre",
        "P26": "coniuge",
        "P27": "paese di cittadinanza",
        "P30": "continente",
        "P31": "istanza di",
        "P35": "capo di Stato",
        "P36": "capitale/capoluogo",
        "P37": "lingua ufficiale",
        "P38": "valuta",
        "P39": "carica ricoperta",
        "P40": "figlio",
        "P41": "bandiera",
        "P43": "patrigno",
        "P44": "matrigna",
        "P45": "(DEPRECATO) nonno",
        "P47": "confina con",
        "P50": "autore",
        "P51": "audio",
        "P53": "famiglia nobiliare",
        "P54": "membro della squadra sportiva",
        "P57": "regista",
        "P58": "sceneggiatore",
        "P59": "costellazione",
        "P61": "scoperto o inventato da",
        "P65": "luogo della scoperta astronomica",
        "P66": "casa ancestrale",
        "P69": "scuola frequentata",
        "P78": "dominio di primo livello",
        "P81": "linea di collegamento",
        "P84": "architetto",
        "P85": "inno",
        "P86": "compositore",
        "P87": "librettista",
        "P88": "committente",
        "P91": "orientamento sessuale",
        "P92": "legge fondamentale",
        "P94": "stemma",
        "P97": "titolo nobiliare",
        "P98": "curatore editoriale",
        "P101": "campo di lavoro",
        "P102": "membro del partito politico",
        "P103": "lingua madre",
        "P105": "livello tassonomico",
        "P106": "professione",
        "P107": "DEPRECATO entità (GND)",
        "P108": "datore di lavoro",
        "P109": "firma",
        "P110": "illustratore",
        "P111": "quantità fisica",
        "P112": "fondatore",
        "P113": "centro di smistamento",
        "P114": "compagnia aerea",
        "P115": "stadio",
        "P117": "struttura chimica",
        "P118": "lega",
        "P119": "luogo di sepoltura",
        "P121": "aereomobili della flotta",
        "P122": "forma di governo",
        "P123": "casa editrice",
        "P126": "gestore",
        "P127": "proprietario",
        "P128": "regola",
        "P129": "interagisce fisicamente con",
        "P131": "unità amministrativa in cui è situato",
        "P132": "tipo di divisione amministrativa",
        "P134": "dialetto",
        "P135": "movimento artistico",
        "P136": "genere artistico",
        "P137": "operatore",
        "P138": "prende il nome da",
        "P140": "religione",
        "P141": "stato di conservazione IUCN",
        "P143": "importato da",
        "P144": "basato su",
        "P149": "stile architettonico",
        "P150": "sottodivisioni amministrative",
        "P154": "logo",
        "P155": "preceduto da",
        "P156": "seguito da",
        "P157": "ucciso da",
        "P158": "sigillo",
        "P159": "sede principale",
        "P161": "interpreti",
        "P162": "produttore",
        "P163": "descrizione della bandiera",
        "P166": "onorificenze ricevute",
        "P167": "sostituito da struttura",
        "P169": "amministratore delegato",
        "P170": "creatore",
        "P171": "livello tassonomico superiore",
        "P172": "gruppo etnico",
        "P175": "esecutore/artista",
        "P176": "fabbricante",
        "P177": "attraversa",
        "P178": "sviluppatore",
        "P179": "serie",
        "P180": "raffigura",
        "P181": "areale",
        "P183": "endemico in",
        "P184": "direttore di tesi",
        "P185": "studente di dottorato",
        "P186": "materiale usato",
        "P189": "luogo di scoperta",
        "P190": "città gemella",
        "P193": "appaltatore",
        "P194": "organo legislativo",
        "P195": "collezione",
        "P196": "gruppo di asteroidi",
        "P197": "stazione adiacente",
        "P198": "cantiere",
        "P199": "divisione commerciale",
        "P200": "immissario",
        "P201": "emissario",
        "P205": "nazione inerente al lago",
        "P206": "situato sul lago / fiume",
        "P207": "immagine batimetrica",
        "P208": "organo esecutivo",
        "P209": "massima autorità giuridica",
        "P210": "segretario di partito",
        "P212": "ISBN-13",
        "P213": "ISNI",
        "P214": "codice VIAF",
        "P215": "classificazione stellare",
        "P217": "numero di inventario",
        "P218": "ISO 639-1",
        "P219": "ISO 639-2",
        "P220": "ISO 639-3",
        "P221": "ISO 639-6",
        "P223": "tipo morfologico della galassia",
        "P225": "nome scientifico",
        "P227": "Gemeinsame Normdatei",
        "P229": "codice vettore IATA",
        "P230": "codice vettore ICAO",
        "P231": "numero CAS",
        "P232": "numero EINECS",
        "P233": "SMILES",
        "P234": "InChI",
        "P235": "InChIKey",
        "P236": "ISSN",
        "P237": "descrizione dello stemma",
        "P238": "codice aeroportuale IATA",
        "P239": "codice aeroportuale ICAO",
        "P240": "codice aeroportuale FAA",
        "P241": "divisione militare",
        "P242": "mappa di localizzazione",
        "P243": "OCLC",
        "P244": "codice LCNAF",
        "P245": "ULAN",
        "P246": "simbolo chimico",
        "P247": "NSSDC ID",
        "P248": "dichiarato in",
        "P249": "simbolo del titolo",
        "P263": "residenza ufficiale",
        "P264": "etichetta discografica",
        "P267": "codice ATC",
        "P268": "codice BNF",
        "P269": "SUDOC",
        "P270": "CALIS",
        "P271": "CiNii",
        "P272": "compagnia di produzione",
        "P274": "formula chimica",
        "P275": "licenza",
        "P276": "posizione",
        "P277": "linguaggio di programmazione",
        "P278": "codice GOST 7.75-97",
        "P279": "sottoclasse di",
        "P281": "codice postale",
        "P282": "alfabeto",
        "P286": "team manager o allenatore",
        "P287": "progettista",
        "P289": "classe dell'imbarcazione",
        "P291": "luogo di pubblicazione",
        "P296": "codice stazione",
        "P297": "ISO 3166-1 alpha-2",
        "P298": "ISO 3166-1 alpha-3",
        "P299": "ISO 3166-1 numerico",
        "P300": "ISO 3166-2",
        "P301": "voce principale della categoria",
        "P303": "numero EE",
        "P304": "pagina",
        "P305": "codice di lingua IETF",
        "P306": "sistema operativo",
        "P344": "direttore della fotografia",
        "P345": "identificatore IMDb",
        "P347": "identificatore Joconde",
        "P348": "ultima versione",
        "P349": "numero NDL",
        "P350": "identificatore RKD",
        "P351": "Entrez Gene ID",
        "P352": "UniProt ID",
        "P353": "Gene Symbol",
        "P354": "HGNC",
        "P355": "filiale",
        "P356": "DOI",
        "P357": "titolo",
        "P358": "discografia",
        "P359": "identificatore Rijksmonument",
        "P360": "elenco di",
        "P361": "parte di",
        "P364": "lingua originale",
        "P366": "uso",
        "P367": "simbolo astronomico",
        "P368": "Sandbox-CommonsMediaFile",
        "P369": "Sandbox-Elemento",
        "P370": "Sandbox-Stringa",
        "P371": "presentatore",
        "P373": "categoria su Commons",
        "P374": "codice INSEE",
        "P375": "lanciatore",
        "P376": "situato sull'oggetto astronomico",
        "P377": "SCN",
        "P380": "identificatore Mérimée",
        "P381": "identificatore PBC",
        "P382": "codice municipalità CBS",
        "P387": "citazione",
        "P392": "sottotitolo",
        "P393": "numero dell'edizione",
        "P395": "codice immatricolazione",
        "P396": "identificativo SBN",
        "P397": "oggetto astronomico padre",
        "P398": "oggetto astronomico figlio",
        "P399": "compagno di",
        "P400": "piattaforma",
        "P402": "ID relazione OpenStreetMap",
        "P403": "foce",
        "P404": "modalità di gioco",
        "P405": "autore tassonomico",
        "P406": "album della colonna sonora",
        "P407": "lingua",
        "P408": "motore",
        "P409": "NLA",
        "P410": "grado militare",
        "P411": "stato di canonizzazione",
        "P412": "tipo di voce",
        "P413": "ruolo (nella squadra)",
        "P414": "borsa valori",
        "P415": "formato radio",
        "P416": "simbolo di quantità",
        "P417": "santo patrono",
        "P418": "descrizione stemma",
        "P421": "fuso orario",
        "P423": "tiro (destra/sinistra)",
        "P424": "codice di lingua Wikimedia",
        "P425": "campo di questa professione",
        "P426": "codice di registrazione dell'aeromobile",
        "P427": "tipo tassonomico",
        "P428": "abbreviazione dell'autore botanico",
        "P429": "codice Dantai",
        "P432": "nominativo della compagnia aerea",
        "P433": "uscita",
        "P434": "ID artista MusicBrainz",
        "P435": "ID canzone MusicBrainz",
        "P436": "ID album MusicBrainz",
        "P437": "distribuzione",
        "P438": "iscrizioni",
        "P439": "codice municipale tedesco",
        "P440": "codice dei distretti della Germania",
        "P442": "codice di divisione amministrativa cinese",
        "P443": "pronuncia (file audio)",
        "P444": "punteggio recensione",
        "P447": "recensore",
        "P448": "sito di lancio",
        "P449": "emittente originale",
        "P450": "missioni astronautiche",
        "P451": "convivente",
        "P452": "industria",
        "P453": "ruolo",
        "P454": "Structurae",
        "P455": "Emporis",
        "P457": "testo di fondazione",
        "P458": "numero IMO",
        "P459": "metodo di determinazione",
        "P460": "detto di essere la stessa cosa di",
        "P461": "contrario di",
        "P462": "colore",
        "P463": "membro di",
        "P464": "NOR",
        "P465": "codice esadecimale sRGB del colore",
        "P466": "conduttore",
        "P467": "adottato da",
        "P468": "grado dan/kyu",
        "P469": "lago sul fiume",
        "P470": "Eight Banner register",
        "P473": "prefisso telefonico",
        "P474": "prefisso telefonico nazionale",
        "P476": "numero CELEX",
        "P477": "identificatore Historic Places",
        "P478": "volume",
        "P479": "dispositivo di ingresso",
        "P480": "identificatore Filmaffinity",
        "P481": "identificatore Palissy",
        "P483": "studio di registrazione",
        "P484": "numero IMA",
        "P485": "archivi",
        "P486": "ID MeSH",
        "P487": "carattere Unicode",
        "P488": "presidente",
        "P489": "descrizione del simbolo di valuta",
        "P490": "designazione provvisoria",
        "P491": "schema orbitale",
        "P492": "identificatore OMIM",
        "P493": "ICD-9",
        "P494": "ICD-10",
        "P495": "paese di origine",
        "P496": "identificatore ORCID",
        "P497": "identificatore CBDB",
        "P498": "codice ISO 4217",
        "P500": "exclave di",
        "P501": "enclave in",
        "P502": "identificatore HURDAT",
        "P503": "standard ISO",
        "P504": "porto d'origine",
        "P505": "direttore generale",
        "P506": "ISO 15924",
        "P507": "codice contea svedese",
        "P508": "Thesaurus BNCF",
        "P509": "causa del decesso",
        "P511": "prefisso onorifico",
        "P512": "titolo accademico",
        "P513": "nome di nascita (Obsoleto)",
        "P514": "interleaves with",
        "P515": "stato, fase",
        "P516": "propulsore",
        "P517": "interazione",
        "P518": "parte coinvolta",
        "P520": "armamento",
        "P521": "scheduled service destination",
        "P522": "tipo di orbita",
        "P523": "inizio intervallo temporale",
        "P524": "fine intervallo temporale",
        "P525": "codice comune svedese",
        "P527": "consiste di",
        "P528": "codice di catalogo",
        "P529": "pista",
        "P530": "relazione diplomatica",
        "P531": "missione diplomatica inviata",
        "P532": "porto di immatricolazione",
        "P533": "obiettivo",
        "P534": "colore dello striscio",
        "P535": "identificatore Find a Grave",
        "P536": "identificatore ATP",
        "P537": "twinning",
        "P538": "frattura",
        "P539": "identificatore Museofile",
        "P541": "ufficio contestato",
        "P542": "aperto ufficialmente da",
        "P543": "giuramento olimpico fatto da",
        "P545": "torcia olimpica accesa da",
        "P546": "porto d'attracco",
        "P547": "commemora",
        "P548": "tipo di versione",
        "P549": "identificativo MGP",
        "P550": "ordine cavalleresco",
        "P551": "residenza",
        "P552": "abilità manuale",
        "P553": "profilo sociale su",
        "P554": "nome utente sul sito web",
        "P555": "Vittorie/sconfitte_doppio",
        "P556": "sistema cristallino",
        "P557": "identificatore DiseasesDB",
        "P558": "simbolo unità",
        "P559": "capolinea",
        "P560": "direzione",
        "P561": "nome in codice NATO",
        "P562": "banca centrale/emittente",
        "P563": "ICD-O",
        "P564": "Vittorie/sconfitte_singolare",
        "P565": "abito cristallino",
        "P566": "basionimo",
        "P567": "hangingwall",
        "P568": "footwall",
        "P569": "data di nascita",
        "P570": "data di morte",
        "P571": "data di fondazione/creazione",
        "P574": "data di descrizione scientifica",
        "P575": "data della scoperta",
        "P576": "data di scioglimento",
        "P577": "data di pubblicazione",
        "P578": "Sandbox-Data e ora",
        "P579": "stato IMA",
        "P580": "data di inizio",
        "P582": "data di fine",
        "P585": "data",
        "P586": "ID autore IPNI",
        "P587": "MMSI",
        "P588": "refrigerante",
        "P589": "gruppo puntuale",
        "P590": "codice GNIS",
        "P591": "numero EC",
        "P592": "ChEMBL",
        "P593": "HomoloGene ID",
        "P594": "Ensembl Gene ID",
        "P595": "IUPHAR ID",
        "P597": "identificatore WTA",
        "P598": "comando",
        "P599": "identificatore ITF",
        "P600": "ID Wine AppDB",
        "P604": "ID MedlinePlus",
        "P605": "codice NUTS",
        "P606": "primo volo",
        "P607": "conflitto",
        "P608": "storico delle esposizioni",
        "P609": "ubicazione capolinea",
        "P610": "punto più elevato",
        "P611": "ordine religioso",
        "P612": "casa madre",
        "P613": "OS grid reference",
        "P617": "numero di costruzione",
        "P618": "fonte di energia",
        "P619": "data di lancio del veicolo spaziale",
        "P620": "data di atterraggio del veicolo spaziale",
        "P621": "time of spacecraft orbit decay",
        "P622": "Date di docking e undocking",
        "P624": "guidance system",
        "P625": "coordinate geografiche",
        "P626": "Sandbox-Coordinate geografiche",
        "P627": "ID IUCN",
        "P628": "numero E",
        "P629": "edizione di",
        "P630": "Paris city digital code",
        "P631": "ingegnere strutturale",
        "P632": "cultural properties of Belarus reference number",
        "P633": "Répertoire du patrimoine culturel du Québec identifier",
        "P634": "capitano",
        "P635": "codice ISTAT",
        "P636": "via di somministrazione",
        "P637": "RefSeq Protein ID",
        "P638": "PDB ID",
        "P639": "RNA-ID",
        "P640": "identificatore Léonore",
        "P641": "sport",
        "P642": "di",
        "P643": "(OBSOLETE) Genloc Chr (use P1057)",
        "P644": "genomic start",
        "P645": "genomic end",
        "P646": "identificatore Freebase",
        "P647": "scelto da",
        "P648": "identificatore Open Library",
        "P649": "numero registro NRHP",
        "P650": "RKDartists",
        "P651": "identificativo BPN",
        "P652": "UNII",
        "P653": "PubMed Health",
        "P654": "direzione relativa alla posizione",
        "P655": "traduttore",
        "P656": "RefSeq",
        "P657": "numero RTECS",
        "P658": "tracklist",
        "P659": "GenLoc assembly",
        "P660": "classificazione EC",
        "P661": "identificatore ChemSpider",
        "P662": "ID PubChem",
        "P663": "DSM IV",
        "P664": "organizzatore",
        "P665": "KEGG ID",
        "P667": "ICPC 2 ID",
        "P668": "GeneReviews ID",
        "P669": "via",
        "P670": "numero civico",
        "P671": "Mouse Genome Informatics ID",
        "P672": "codice MeSH",
        "P673": "eMedicine",
        "P674": "personaggi",
        "P675": "identificatore Google Books",
        "P676": "paroliere",
        "P677": "codice ÚSOP",
        "P678": "incertae sedis",
        "P679": "ZVG number",
        "P680": "funzione molecolare",
        "P681": "componente cellulare",
        "P682": "processo biologico",
        "P683": "ChEBI ID",
        "P684": "ortologo",
        "P685": "identificatore NCBI",
        "P686": "Gene Ontology ID",
        "P687": "BHL Page Id",
        "P688": "codifica",
        "P689": "colpito",
        "P690": "gruppo spaziale",
        "P691": "identificatore NKC",
        "P692": "Gene Atlas Image",
        "P693": "sfaldatura",
        "P694": "replaced synonym (for nom. nov.)",
        "P695": "numero ONU",
        "P696": "Neurolex ID",
        "P697": "ex autore tassonomico",
        "P698": "ID PubMed",
        "P699": "Disease Ontology ID",
        "P700": "numero Kemler",
        "P701": "Dodis",
        "P702": "codificato da",
        "P703": "trovato nella tassonomia de",
        "P704": "Ensembl Transcript ID",
        "P705": "Ensembl Protein ID",
        "P706": "situato nell'entità geografica",
        "P707": "satellite bus",
        "P708": "diocesi",
        "P709": "identificativo Historic Scotland",
        "P710": "partecipante",
        "P711": "Strunz 8",
        "P712": "Strunz 9",
        "P713": "Strunz 10",
        "P714": "Dana ottava edizione",
        "P715": "Drugbank ID",
        "P716": "Identificatore del JPL Small-Body Database",
        "P717": "codice dell'osservatorio astronomico",
        "P718": "Canmore ID",
        "P720": "tipo spettrale degli asteroidi",
        "P721": "identificatore OKATO",
        "P722": "UIC station code",
        "P723": "DBNL ID",
        "P724": "Internet Archive ID",
        "P725": "doppiatore",
        "P726": "candidato",
        "P727": "ID Europeana",
        "P728": "frasi H",
        "P729": "data di entrata in servizio",
        "P730": "data di ritiro dal servizio",
        "P731": "Litholex ID",
        "P732": "BGS Lexicon ID",
        "P733": "DINOloket ",
        "P734": "cognome",
        "P735": "nome",
        "P736": "creatore della copertina",
        "P737": "influenzato da",
        "P738": "influenza",
        "P739": "munizioni",
        "P740": "luogo di fondazione",
        "P741": "(OBSOLETE) playing hand",
        "P742": "pseudonimo",
        "P743": "nome in breve",
        "P744": "famiglia di asteroidi",
        "P745": "identificativo PBB",
        "P746": "data di sparizione",
        "P747": "edizione",
        "P748": "nominato da",
        "P749": "ha casa madre",
        "P750": "distributore",
        "P751": "caratteristica introdotta",
        "P756": "caratteristica rimossa",
        "P757": "identificatore sito patrimonio dell'umanità",
        "P758": "identificativo Kulturminne",
        "P759": "Alberta Register of Historic Places identifier",
        "P760": "identificativo DPLA",
        "P761": "identificativo VISS",
        "P762": "identificativo del patrimonio culturale ceco",
        "P763": "PEI Register of Historic Places identifier",
        "P764": "identificatore OKTMO",
        "P765": "superficie di gioco",
        "P766": "luogo (deprecato usare P276)",
        "P767": "collaboratore",
        "P768": "circoscrizione elettorale",
        "P769": "significant drug interaction",
        "P770": "causa della distruzione",
        "P771": "codice OFS",
        "P772": "codice INE",
        "P773": "ISO 3166-3",
        "P774": "FIPS 55-3",
        "P775": "codice di area urbana svedese",
        "P776": "codice di zona urbana minore svedese",
        "P777": "codice di parrocchia civile svedese",
        "P778": "codice di parrocchia della Chiesa svedese",
        "P779": "pastoratskod",
        "P780": "Sintomi",
        "P781": "identificatore Sikart",
        "P782": "LAU",
        "P783": "hymenium type",
        "P784": "cappello",
        "P785": "hymenium attachment",
        "P786": "stipe character",
        "P787": "impronta sporale",
        "P788": "mushroom ecological type",
        "P789": "edibilità",
        "P790": "approvato da",
        "P791": "identificatore ISIL",
        "P792": "capitolo",
        "P793": "evento chiave",
        "P794": "come",
        "P795": "distance along",
        "P796": "geo datum",
        "P797": "executive authority",
        "P798": "identificatore militare",
        "P799": "Air Ministry specification",
        "P800": "opera",
        "P802": "studente",
        "P803": "posizione accademica",
        "P804": "identificatore GNIS Antarctica",
        "P805": "elemento corrispondente",
        "P806": "codice catastale italiano",
        "P807": "separato da",
        "P808": "code Bien de Interés Cultural",
        "P809": "id WDPA",
        "P811": "academic minor",
        "P812": "specializzazione accademica",
        "P813": "consultato il",
        "P814": "categoria IUCN aree protette",
        "P815": "ITIS TSN",
        "P816": "decade in",
        "P817": "tipo di decadimento",
        "P818": "arXiv ID",
        "P819": "codice bibliografico ADS",
        "P820": "classificazione arXiv",
        "P821": "CGNDB Unique Identifier",
        "P822": "mascotte",
        "P823": "relatore",
        "P824": "identificatore del Meteoritical Bulletin Database",
        "P825": "dedicato a",
        "P826": "tonalità",
        "P827": "BBC program identifier",
        "P828": "possibili cause",
        "P829": "identificativo OEIS",
        "P830": "identificatore EOL",
        "P831": "parent club",
        "P832": "festività pubblica",
        "P833": "stazione di interscambio",
        "P834": "deposito ferroviario",
        "P835": "abbreviazione dell'autore",
        "P836": "GSS code (2011)",
        "P837": "giorno dell'anno di una ricorrenza periodica",
        "P838": "BioLib ID",
        "P839": "IMSLP ID",
        "P840": "ambientazione geografica",
        "P841": "ricorrenza",
        "P842": "identificativo Fossilworks",
        "P843": "codice SIRUTA",
        "P844": "codice UBIGEO",
        "P845": "Saskatchewan Register of Heritage Property identifier",
        "P846": "identificatore GBIF",
        "P847": "United States Navy aircraft designation",
        "P849": "Japanese military aircraft designation",
        "P850": "World Register of Marine Species identifier",
        "P852": "classificazione ESRB",
        "P853": "classificazione CERO",
        "P854": "URL",
        "P855": "Sandbox-URL",
        "P856": "sito web ufficiale",
        "P857": "CNKI",
        "P858": "ESPN SCRUM ID",
        "P859": "sponsor",
        "P860": "e-archiv.li ID",
        "P861": "premiershiprugby.com ID",
        "P862": "Operational Requirement of the UK Air Ministry",
        "P863": "InPhO identifier ",
        "P864": "ACM Digital Library author identifier",
        "P865": "BMLO",
        "P866": "Perlentaucher",
        "P867": "codice professione ROME (v3)",
        "P868": "foods traditionally associated",
        "P870": "strumenti musicali",
        "P872": "stampato da",
        "P873": "phase point",
        "P874": "numero di identificazione del pericolo dell'ONU",
        "P875": "UN code classification",
        "P876": "gruppo di imballaggio ONU",
        "P877": "NFPA speciali",
        "P878": "avionica",
        "P879": "numero di scafo",
        "P880": "cpu",
        "P881": "tipo di variabile",
        "P882": "FIPS 6-4",
        "P883": "FIPS 5-2 (stati USA)",
        "P884": "identificativo del Registro Statale delle Acque russo",
        "P885": "sorgente",
        "P886": "LIR",
        "P887": "determinato dall'euristica",
        "P888": "JSTOR",
        "P889": "identificativo Mathematical Reviews",
        "P892": "RFC",
        "P893": "SSRN",
        "P894": "Zentralblatt MATH",
        "P897": "United States Army and Air Force aircraft designation",
        "P898": "IPA",
        "P901": "FIPS 10-4 (paesi e regioni)",
        "P902": "DSS",
        "P905": "identificativo PORT",
        "P906": "SELIBR",
        "P907": "identificativo AMG",
        "P908": "classificazione PEGI",
        "P909": "identificativo Nova Scotia Register of Historic Places",
        "P910": "categoria principale dell'argomento",
        "P911": "codice di distretto sudafricano",
        "P912": "struttura",
        "P913": "notazione",
        "P914": "classificazione USK",
        "P915": "location cinematografica",
        "P916": "classificazione GSRR",
        "P917": "indice GRAU",
        "P918": "codice NOC/CNP",
        "P919": "SOC Occupation Code (2010)",
        "P920": "Spanish subject headings for public libraries",
        "P921": "argomento principale",
        "P922": "magnetic ordering",
        "P923": "esami possibili",
        "P924": "trattamenti possibili",
        "P925": "presynaptic connection",
        "P926": "postsynaptic connection",
        "P927": "localizzazione anatomica",
        "P928": "activating neurotransmitter",
        "P929": "spazio dei colori",
        "P930": "tipo di elettrificazione",
        "P931": "sito servito dall'aeroporto",
        "P932": "PMCID",
        "P933": "heritagefoundation.ca ID",
        "P935": "galleria su Commons",
        "P937": "luogo di lavoro",
        "P938": "identificativo specie FishBase",
        "P939": "codice KSK",
        "P940": "consigli P",
        "P941": "ispirato da",
        "P942": "tema musicale",
        "P943": "programmatore",
        "P944": "codice di nomenclatura",
        "P945": "fedeltà",
        "P946": "identificatore ISIN",
        "P947": "identificatore RSL",
        "P948": "banner per Wikivoyage",
        "P949": "NLI",
        "P950": "identificatore Biblioteca Nacional de España",
        "P951": "identificatore NSZL",
        "P952": "ISCO occupation code",
        "P953": "testo completo disponibile all'indirizzo",
        "P954": "identificativo IBNR",
        "P957": "ISBN-10",
        "P958": "section, verse, or paragraph",
        "P959": "identificativo MSW",
        "P960": "identificatore Tropicos",
        "P961": "identificatore tassonomico IPNI",
        "P962": "MycoBank taxon name identifier",
        "P963": "streaming media URL",
        "P964": "codice municipale austriaco",
        "P965": "numero del loculo",
        "P966": "identificatore etichetta MusicBrainz",
        "P967": "ospite d'onore",
        "P968": "posta elettronica",
        "P969": "indirizzo stradale",
        "P970": "funzione neurologica",
        "P971": "argomenti della categoria",
        "P972": "catalogo",
        "P973": "descritto nell'URL",
        "P974": "affluente",
        "P980": "code for weekend and holiday homes (Sweden)",
        "P981": "BAG-code for Dutch towns",
        "P982": "identificatore area MusicBrainz",
        "P984": "codice nazionale del CIO",
        "P988": "Philippine Standard Geographic Code",
        "P989": "file audio dell'elemento",
        "P990": "registrazione vocale",
        "P991": "eletto",
        "P993": "NFPA salute",
        "P994": "NFPA infiammabilità",
        "P995": "NFPA reattività",
        "P996": "scansione",
        "P998": "dmoz",
        "P999": "ARICNS",
        "P1000": "record",
        "P1001": "appartiene alla giurisdizione",
        "P1002": "configurazione del motore",
        "P1003": "identificatore NLR",
        "P1004": "identificatore MusicBrainz",
        "P1005": "identificatore PTBNP",
        "P1006": "identificatore NTA",
        "P1007": "identificatore Piattaforma Lattes",
        "P1010": "Iran statistics ID",
        "P1011": "escluso",
        "P1012": "incluso",
        "P1013": "criterio utilizzato",
        "P1014": "Art & Architecture Thesaurus ID",
        "P1015": "identificatore BIBSYS",
        "P1016": "tassonomia degli asteroidi",
        "P1017": "identificatore Biblioteca Apostolica Vaticana",
        "P1018": "language regulatory body",
        "P1019": "indirizzo feed",
        "P1021": "KldB-2010 occupation code",
        "P1022": "CNO-11 occupation code",
        "P1023": "SBC-2010 occupation code",
        "P1024": "SBFI occupation code",
        "P1025": "identificativo edizione SUDOC",
        "P1026": "tesi di dottorato",
        "P1027": "conferito da",
        "P1028": "donato da",
        "P1029": "equipaggio",
        "P1030": "caratteristica della luce di un faro",
        "P1031": "citazione legale",
        "P1032": "Digital Rights Management system",
        "P1033": "GHS signal word",
        "P1034": "principale fonte di nutrizione",
        "P1035": "suffisso onorifico",
        "P1036": "Classificazione Decimale Dewey",
        "P1037": "gestore/direttore",
        "P1038": "parente",
        "P1039": "tipo di parentela",
        "P1040": "montatore",
        "P1041": "socket supportato",
        "P1042": "identificatore ZDB",
        "P1043": "IDEO Job ID",
        "P1044": "SWB",
        "P1045": "identificativo Sycomore",
        "P1046": "metodo di scoperta",
        "P1047": "identificativo Catholic Hierarchy",
        "P1048": "identificativo NCL",
        "P1049": "venerato da",
        "P1050": "condizione medica",
        "P1051": "identificativo PSH",
        "P1052": "codice portoghese professioni CPP-2010",
        "P1053": "identificatore ResearcherID",
        "P1054": "NDL editions",
        "P1055": "identificatore NLM",
        "P1056": "produce",
        "P1057": "cromosoma",
        "P1058": "ERA ID",
        "P1059": "CVR",
        "P1060": "processo di trasmissione patogena",
        "P1064": "scartamento ferroviario",
        "P1065": "URL archivio",
        "P1066": "studente di",
        "P1067": "codice d'unità amministrativa della Thailandia",
        "P1068": "instruction set",
        "P1069": "Danemark Job Code (DISCO-08)",
        "P1070": "identificatore PlantList",
        "P1071": "luogo di costruzione",
        "P1072": "formato di file letto",
        "P1073": "formato file scrivibile",
        "P1074": "analogo narrativo di",
        "P1075": "rettore",
        "P1076": "ICTV virus ID",
        "P1077": "identificatore KOATUU",
        "P1078": "valvetrain configuration",
        "P1079": "servizio di lancio",
        "P1080": "universo",
        "P1081": "indice di sviluppo umano",
        "P1082": "popolazione",
        "P1083": "capienza",
        "P1084": "identificativo EUL",
        "P1085": "identificativo LibraryThing",
        "P1086": "numero atomico",
        "P1087": "punteggio Elo",
        "P1088": "durezza secondo la scala di Mohs",
        "P1090": "spostamento verso il rosso",
        "P1092": "produzione totale",
        "P1093": "stazza lorda",
        "P1096": "eccentricità dell'orbita",
        "P1097": "g-factor",
        "P1098": "numero di parlanti",
        "P1099": "alberi",
        "P1100": "cilindri",
        "P1101": "numero di piani",
        "P1102": "ellitticità",
        "P1103": "binari",
        "P1104": "numero di pagine",
        "P1106": "Quantità (sandbox)",
        "P1107": "quota",
        "P1108": "elettronegatività",
        "P1109": "indice di rifrazione",
        "P1110": "spettatori",
        "P1111": "numero di voti",
        "P1112": "numero di Pokédex",
        "P1113": "lunghezza serie",
        "P1114": "numero",
        "P1115": "identificativo ATVK",
        "P1116": "codice Kallikratis",
        "P1117": "pKa",
        "P1118": "posizione in classifica singolo",
        "P1119": "classifica di doppio",
        "P1120": "numero di morti",
        "P1121": "stato di ossidazione",
        "P1122": "spin",
        "P1123": "parità",
        "P1124": "teu",
        "P1125": "Gini coefficient",
        "P1126": "isospin quantum number",
        "P1127": "isospin z-component",
        "P1128": "dipendenti",
        "P1129": "numero di presenze in nazionale",
        "P1130": "vittorie in doppio",
        "P1131": "vittorie in singolo",
        "P1132": "numero di partecipanti",
        "P1133": "identificatore DGO4",
        "P1134": "situato in",
        "P1135": "statuto di nomenclatura del nome",
        "P1136": "risolto da",
        "P1137": "fossili trovati",
        "P1138": "Kunstindeks Danmark",
        "P1139": "piani entro terra",
        "P1140": "EHAK id",
        "P1141": "numero di processori",
        "P1142": "ideologia politica",
        "P1143": "identificatore BN (Argentina)",
        "P1144": "LCOC LCCN (bibliographic)",
        "P1145": "punto lagrangiano",
        "P1146": "identificatore IAAF",
        "P1148": "numero neutronico",
        "P1149": "Classificazione della Library of Congress",
        "P1150": "classificazione Regensburg",
        "P1151": "portale principale",
        "P1152": "IPTC Media Topic",
        "P1153": "Scopus Author ID",
        "P1154": "Scopus EID",
        "P1155": "Scopus Affiliation ID",
        "P1156": "Scopus Source ID",
        "P1157": "US Congress Bio identifier",
        "P1158": "sito di atterraggio",
        "P1159": "CODEN",
        "P1160": "ISO 4 abbreviation",
        "P1161": "Z39.5 abbreviation",
        "P1162": "Bluebook abbreviation",
        "P1163": "Internet media type",
        "P1164": "cardinalità del gruppo",
        "P1165": "mondo di origine",
        "P1167": "USB ID",
        "P1168": "codice municipale danese",
        "P1170": "segnale trasmesso",
        "P1171": "algoritmo di approssimazione",
        "P1172": "Geokod",
        "P1174": "visitatori annui",
        "P1181": "valore numerico",
        "P1182": "LIBRIS editions",
        "P1183": "Gewässerkennzahl",
        "P1184": "handle",
        "P1185": "Rodovid ID",
        "P1186": "Identificatore del database dei parlamentari europei",
        "P1187": "ID di persona Dharma Drum Buddhist College",
        "P1188": "Dharma Drum Buddhist College place ID",
        "P1189": "classificazione della Chinese Library",
        "P1190": "Classificazione Decimale Universale",
        "P1191": "prima",
        "P1192": "servizio di trasporto",
        "P1193": "prevalenza",
        "P1194": "segnale ricevuto",
        "P1195": "estensione del file",
        "P1196": "circostanze del decesso",
        "P1198": "tasso di disoccupazione",
        "P1199": "modalità di trasmissione",
        "P1200": "categoria del bacino idrografico",
        "P1201": "space tug",
        "P1202": "carries scientific instrument",
        "P1203": "numero del comune finlandese",
        "P1204": "argomento principale del portale",
        "P1207": "identificativo NUKAT",
        "P1208": "ISMN",
        "P1209": "CN",
        "P1210": "sistema di sovralimentazione",
        "P1211": "sistema di alimentazione",
        "P1212": "Identificatore Atlas",
        "P1213": "NLC authorities",
        "P1214": "Riksdagen person-id",
        "P1215": "magnitudine apparente",
        "P1216": "identificatore English Heritage",
        "P1217": "Internet Broadway Database venue ID",
        "P1218": "Internet Broadway Database production ID",
        "P1219": "Internet Broadway Database show ID",
        "P1220": "identificatore di persona IBDB",
        "P1221": "tipo di compressore",
        "P1222": "NARA person ID",
        "P1223": "NARA organization ID",
        "P1224": "NARA geographic ID",
        "P1225": "NARA topical subject ID",
        "P1226": "NARA specific records type ID",
        "P1227": "filtro astronomico",
        "P1228": "Philippine Standard Geographic Code ID",
        "P1229": "codice identificativo di Openpolis",
        "P1230": "JSTOR journal code",
        "P1231": "NARA catalogue record ID",
        "P1232": "Linguist list code",
        "P1233": "ISFDB author ID",
        "P1234": "ISFDB publication ID",
        "P1235": "identificatore ISFDB",
        "P1236": "Parsons code",
        "P1237": "identificatore Box Office Mojo",
        "P1238": "Swedish Football Association ID",
        "P1239": "ISFDB publisher ID",
        "P1240": "Danish Bibliometric Research Indicator level",
        "P1241": "Swiss Football Association Club Number",
        "P1242": "Theatricalia play ID",
        "P1243": "International Standard Recording Code",
        "P1244": "Numero telefonico (URL)",
        "P1245": "Significato definito in OmegaWiki",
        "P1246": "numero di brevetto",
        "P1247": "rapporto di compressione",
        "P1248": "KulturNav-id",
        "P1249": "prima testimonianza scritta",
        "P1250": "Danish Bibliometric Research Indicator (BFI) SNO/CNO",
        "P1251": "ABS ASCL code",
        "P1252": "AUSTLANG code",
        "P1253": "BCU Ecrivainsvd",
        "P1254": "Slovenska biografija ID",
        "P1255": "Helveticarchives ID",
        "P1256": "Iconclass notation",
        "P1257": "depicts Iconclass notation",
        "P1258": "identificatore Rotten Tomatoes",
        "P1259": "coordinate del punto di vista",
        "P1260": "Cultural heritage database in Sweden",
        "P1261": "Rundata",
        "P1262": "RAÄ-nummer",
        "P1263": "Notable Names Database identifier",
        "P1264": "periodo di validità",
        "P1265": "identificatore AlloCiné",
        "P1266": "AlloCiné person ID",
        "P1267": "AlloCiné serie ID",
        "P1268": "organizzazione rappresentata",
        "P1269": "aspetto di",
        "P1270": "Norway Database for Statistics on Higher education periodical ID",
        "P1271": "Norway Database for Statistics on Higher education publisher ID",
        "P1272": "Norway Import Service and Registration Authority periodical code",
        "P1273": "CANTIC",
        "P1274": "ISFDB title ID",
        "P1275": "Norway Import Service and Registration Authority publisher code",
        "P1276": "Dictionnaire du Jura ID",
        "P1277": "codice di identificazione Jufo",
        "P1278": "identificatore di identità legale",
        "P1279": "inflation rate",
        "P1280": "CONOR identifier",
        "P1281": "WOEID",
        "P1282": "OpenStreetMap Tag or Key",
        "P1283": "filmografia",
        "P1284": "Munzinger IBA",
        "P1285": "Munzinger Sport",
        "P1286": "Munzinger Pop",
        "P1287": "KDG Komponisten der Gegenwart",
        "P1288": "KLG Kritisches Lexikon der Gegenwartsliteratur",
        "P1289": "KLfG Kritisches Lexikon der fremdsprachigen Gegenwartsliteratur",
        "P1290": "padrino/madrina",
        "P1291": "Association Authors of Switzerland ID",
        "P1292": "identificatore DNB (edizioni)",
        "P1293": "Royal Aero Club Aviator's Certificate ID",
        "P1294": "WWF ecoregion code",
        "P1295": "emissivity ",
        "P1296": "identificativo Gran Enciclopèdia Catalana",
        "P1297": "IRS Employer Identification Number",
        "P1299": "rappresentato da",
        "P1300": "bibcode",
        "P1301": "numero di ascensori",
        "P1302": "destinazioni principali",
        "P1303": "strumento musicale",
        "P1304": "banca centrale",
        "P1305": "Skyscraper Center ID",
        "P1306": "China railway station telecode",
        "P1307": "Swiss parliament identifier",
        "P1308": "titolare",
        "P1309": "identificatore EGAXA",
        "P1310": "dichiarazione contestata da",
        "P1311": "identificativo lostbridges.org",
        "P1312": "sfaccettatura politopo",
        "P1313": "carica politica del capo del governo",
        "P1314": "numero di campate",
        "P1315": "People Australia identifier",
        "P1316": "SMDB ID",
        "P1317": "attivo nell'anno/negli anni",
        "P1318": "dimostrato da",
        "P1319": "data (limite inferiore)",
        "P1320": "OpenCorporates ID",
        "P1321": "luogo d'origine (Svizzera)",
        "P1322": "dual to",
        "P1323": "Terminologia Anatomica 98",
        "P1324": "repository del codice sorgente",
        "P1325": "dati esterni disponibili su",
        "P1326": "data (limite superiore)",
        "P1327": "in coppia con",
        "P1329": "numero telefonico",
        "P1330": "MusicBrainz instrument ID",
        "P1331": "identificativo PACE",
        "P1332": "punto più a nord",
        "P1333": "punto più a sud",
        "P1334": "punto più a est",
        "P1335": "punto più a ovest",
        "P1336": "territorio rivendicato da",
        "P1338": "EPGS ID",
        "P1339": "numero di feriti",
        "P1340": "colore degli occhi",
        "P1341": "codice Camera dei deputati",
        "P1342": "numero di seggi",
        "P1343": "descritto nella fonte",
        "P1344": "partecipante a",
        "P1345": "numero di persone uccise",
        "P1346": "vincitore",
        "P1347": "classificazione delle perdite militari",
        "P1348": "URL AlgaeBase",
        "P1349": "ploidia",
        "P1350": "numero di partite giocate",
        "P1351": "numero di punti/gol segnati",
        "P1352": "posizione in classifica",
        "P1353": "ortografia originale",
        "P1354": "shown with features",
        "P1355": "incontri vinti",
        "P1356": "incontri persi",
        "P1357": "incontri pareggiati",
        "P1358": "punti realizzati",
        "P1359": "numero di punti/gol subiti",
        "P1360": "Monte Carlo Particle Number",
        "P1361": "Anime News Network ID",
        "P1362": "Theaterlexikon der Schweiz",
        "P1363": "punti/gol segnati da",
        "P1364": "identificativo ITTF",
        "P1365": "sostituito da",
        "P1366": "succeduto da",
        "P1367": "BBC Your Paintings",
        "P1368": "LNB identifier",
        "P1369": "Iranian National Heritage registration number",
        "P1370": "ihsi identifier",
        "P1371": "ASI Monument ID",
        "P1372": "binding of software library",
        "P1373": "utenti giornalieri",
        "P1375": "NSK identifier",
        "P1376": "capitale di/capoluogo di",
        "P1377": "MTR station code",
        "P1378": "Codice TMIS",
        "P1380": "uglybridges.com ID",
        "P1381": "bridgehunter.com ID",
        "P1382": "coincide con",
        "P1383": "località contenute",
        "P1385": "Enciclopédia Açoriana ID",
        "P1386": "Japanese High School Code",
        "P1387": "collocazione politica",
        "P1388": "German regional key",
        "P1389": "certificazione prodotto",
        "P1390": "match time of score (minutes)",
        "P1391": "Index Fungorum ID",
        "P1392": "ComicBookDB ID",
        "P1393": "proxy",
        "P1394": "Glottolog code",
        "P1395": "National Cancer Institute ID",
        "P1396": "codice Linguasphere",
        "P1397": "State Catalogue of Geographical Names identifier (Russia)",
        "P1398": "replaced by structure",
        "P1399": "condannato per",
        "P1400": "FCC Facility ID",
        "P1401": "sito di segnalazione bug",
        "P1402": "Foundational Model of Anatomy ID",
        "P1403": "original combination",
        "P1404": "World Glacier Inventory ID",
        "P1406": "script directionality",
        "P1407": "MusicBrainz series ID",
        "P1408": "licensed to broadcast to",
        "P1409": "Cycling Archives Cyclist ID",
        "P1410": "numero di parlamentari nella legislatura",
        "P1411": "candidato a",
        "P1412": "lingue parlate",
        "P1413": "SFDb ID",
        "P1414": "toolkit o framework dell'interfaccia grafica",
        "P1415": "Oxford Biography Index Number",
        "P1416": "affiliation",
        "P1417": "identificativo Encyclopædia Britannica Online",
        "P1418": "orbits completed",
        "P1419": "forma geometrica",
        "P1420": "taxon synonym",
        "P1421": "GRIN URL",
        "P1422": "Sandrart.net ID",
        "P1423": "template's main topic",
        "P1424": "topic's main template",
        "P1425": "ecoregione WWF",
        "P1427": "origine del viaggio",
        "P1428": "Lost Art-ID",
        "P1429": "animale da compagnia",
        "P1430": "identificatore OpenPlaques",
        "P1431": "produttore esecutivo",
        "P1432": "lato B",
        "P1433": "pubblicato in",
        "P1434": "describes the fictional universe",
        "P1435": "heritage status",
        "P1436": "dimensione della collezione",
        "P1437": "dichiarazione di colpevolezza",
        "P1438": "Jewish Encyclopedia ID",
        "P1439": "Norsk filmografi ID",
        "P1440": "Fide ID",
        "P1441": "presente nell'opera",
        "P1442": "foto sulla lapide",
        "P1443": "score method",
        "P1444": "destinazione",
        "P1445": "universo immaginario descritto in",
        "P1446": "numero di dispersi",
        "P1447": "ID sports reference",
        "P1448": "nome ufficiale",
        "P1449": "soprannome",
        "P1450": "Sandbox-Testo monolingua",
        "P1451": "testo del motto",
        "P1453": "identificativo catholic.ru",
        "P1454": "forma giuridica",
        "P1455": "lista delle opere",
        "P1456": "lista di monumenti",
        "P1457": "magnitudine assoluta",
        "P1458": "indice di colore",
        "P1459": "identificatore Cadw degli edifici",
        "P1460": "identificatore NIEA degli edifici",
        "P1461": "Patientplus ID",
        "P1462": "standards body",
        "P1463": "PRDL Author ID",
        "P1464": "categoria per le persone nate in questo luogo",
        "P1465": "categoria per le persone morte in questo luogo",
        "P1466": "WALS lect code",
        "P1467": "WALS genus code",
        "P1468": "WALS family code",
        "P1469": "FIFA player code",
        "P1470": "rapporto massimo di planata",
        "P1471": "reporting mark",
        "P1472": "Template Creator su Commons",
        "P1473": "Nupill Literatura Digital - Author",
        "P1474": "Nupill Literatura Digital - Document",
        "P1476": "titolo (testo monolingua)",
        "P1477": "nome di nascita",
        "P1478": "has immediate cause",
        "P1479": "has contributing factor",
        "P1480": "qualità della fonte",
        "P1481": "identificativo vici.org",
        "P1482": "etichetta Stack Exchange",
        "P1483": "kulturnoe-nasledie.ru identifier",
        "P1529": "Glad identifier",
        "P1531": "parents of hybrids",
        "P1532": "country for sport",
        "P1533": "cognome identico a questo prenome",
        "P1534": "causa della fine",
        "P1535": "utilizzato da",
        "P1536": "immediate cause of",
        "P1537": "contributing factor of",
        "P1538": "number of households",
        "P1539": "popolazione femminile",
        "P1540": "popolazione maschile",
        "P1541": "Cycling Quotient identifier",
        "P1542": "causa di",
        "P1543": "monogramma",
        "P1544": "Federal Register Document Number",
        "P1545": "series ordinal",
        "P1546": "motto",
        "P1547": "depends on",
        "P1548": "maximum Strahler number",
        "P1549": "demonym",
        "P1550": "identificativo Orphanet",
        "P1551": "Identificatore del bene culturale eccezionale della regione Vallonia",
        "P1552": "has quality",
        "P1553": "Yandex.Music ID",
        "P1554": "UBERON ID",
        "P1555": "Executive Order number",
        "P1556": "zbMATH author ID",
        "P1557": "manifestation of",
        "P1558": "tempo marking",
        "P1559": "nome nella madrelingua",
        "P1560": "given name version for other gender",
        "P1561": "numero di superstiti",
        "P1562": "identificatore Allmovie",
        "P1563": "identificatore MacTutor (biografie)",
        "P1564": "At the Circulating Library ID",
        "P1565": "Enciclopedia de la Literatura en México ID",
        "P1566": "Id GeoNames",
        "P1567": "codice INS/NIS",
        "P1568": "dominio",
        "P1569": "numero di spigoli",
        "P1570": "numero di vertici",
        "P1571": "codominio",
        "P1573": "BBC Genome identifier",
        "P1574": "esemplare di",
        "P1575": "RISS catalog",
        "P1576": "stile di vita",
        "P1577": "Gregory–Aland–Number",
        "P1578": "Gmelin Number",
        "P1579": "Beilstein Registry Number",
        "P1580": "University of Barcelona authority ID",
        "P1581": "blog ufficiale",
        "P1582": "natural product of taxon",
        "P1583": "MalaCards ID",
        "P1584": "ID Pleiades",
        "P1585": "Municipality code of Brazil",
        "P1586": "Catalan object of cultural interest ID",
        "P1587": "Slovene Cultural Heritage Register ID",
        "P1588": "Desa code of Indonesia",
        "P1589": "punto più basso",
        "P1590": "numero di vittime",
        "P1591": "imputato",
        "P1592": "accusatore",
        "P1593": "difensore",
        "P1594": "giudice",
        "P1595": "charge",
        "P1596": "pena comminata",
        "P1597": "Slovene Cultural Heritage designation",
        "P1598": "consacrato da",
        "P1599": "Cambridge Alumni Database ID",
        "P1600": "code Inventari del Patrimoni Arquitectònic de Catalunya",
        "P1601": "Esperantist ID",
        "P1602": "BBC Your Paintings venue identifier",
        "P1603": "numero di casi",
        "P1604": "livello di biosicurezza",
        "P1605": "serbatoio naturale",
        "P1606": "serbatoio naturale di",
        "P1607": "Dialnet author",
        "P1608": "Dialnet book",
        "P1609": "Dialnet journal",
        "P1610": "Dialnet article",
        "P1611": "NATO code for grade",
        "P1612": "pagina di una istituzione su Commons",
        "P1613": "IRC channel",
        "P1614": "History of Parliament ID",
        "P1615": "CLARA-ID",
        "P1616": "SIREN number",
        "P1617": "BBC Things identifer",
        "P1618": "numero di maglia",
        "P1619": "data di apertura ufficiale",
        "P1620": "attore",
        "P1621": "mappa dettagliata",
        "P1622": "mano da tenere",
        "P1624": "identificativo Marine Traffic",
        "P1625": "ha la melodia di",
        "P1626": "Thai cultural heritage ID",
        "P1627": "codice SIL",
        "P1628": "proprietà equivalente",
        "P1629": "elemento associato",
        "P1630": "URL di formattazione",
        "P1631": "identificativo China Vitae",
        "P1632": "notazione di Hermann–Mauguin",
        "P1635": "nome religioso",
        "P1636": "data di battesimo",
        "P1637": "carrello d'atterraggio",
        "P1638": "titolo di lavorazione",
        "P1639": "pendant of",
        "P1640": "curatore",
        "P1641": "porta",
        "P1642": "acquisition transaction",
        "P1643": "departure transaction",
        "P1644": "EgliseInfo ID",
        "P1645": "NIST/CODATA ID",
        "P1646": "mandatory qualifier",
        "P1647": "subproperty of",
        "P1648": "Dictionary of Welsh Biography ID",
        "P1649": "Korean Movie Database ID",
        "P1650": "BBF identifier",
        "P1651": "YouTube video identifier",
        "P1652": "referee",
        "P1653": "TERYT municipality code",
        "P1654": "wing configuration",
        "P1655": "station number",
        "P1656": "unveiled by",
        "P1657": "MPAA film rating",
        "P1658": "number of faces"
    },
    "missing": [
        "P1",
        "P2",
        "P3",
        "P4",
        "P5",
        "P8",
        "P11",
        "P12",
        "P13",
        "P23",
        "P24",
        "P28",
        "P29",
        "P32",
        "P33",
        "P34",
        "P42",
        "P46",
        "P48",
        "P49",
        "P52",
        "P55",
        "P56",
        "P60",
        "P62",
        "P63",
        "P64",
        "P67",
        "P68",
        "P70",
        "P71",
        "P72",
        "P73",
        "P74",
        "P75",
        "P76",
        "P77",
        "P79",
        "P80",
        "P82",
        "P83",
        "P89",
        "P90",
        "P93",
        "P95",
        "P96",
        "P99",
        "P100",
        "P104",
        "P116",
        "P120",
        "P124",
        "P125",
        "P130",
        "P133",
        "P139",
        "P142",
        "P145",
        "P146",
        "P147",
        "P148",
        "P151",
        "P152",
        "P153",
        "P160",
        "P164",
        "P165",
        "P168",
        "P173",
        "P174",
        "P182",
        "P187",
        "P188",
        "P191",
        "P192",
        "P202",
        "P203",
        "P204",
        "P211",
        "P216",
        "P222",
        "P224",
        "P226",
        "P228",
        "P250",
        "P251",
        "P252",
        "P253",
        "P254",
        "P255",
        "P256",
        "P257",
        "P258",
        "P259",
        "P260",
        "P261",
        "P262",
        "P265",
        "P266",
        "P273",
        "P280",
        "P283",
        "P284",
        "P285",
        "P288",
        "P290",
        "P292",
        "P293",
        "P294",
        "P295",
        "P302",
        "P307",
        "P308",
        "P309",
        "P310",
        "P311",
        "P312",
        "P313",
        "P314",
        "P315",
        "P316",
        "P317",
        "P318",
        "P319",
        "P320",
        "P321",
        "P322",
        "P323",
        "P324",
        "P325",
        "P326",
        "P327",
        "P328",
        "P329",
        "P330",
        "P331",
        "P332",
        "P333",
        "P334",
        "P335",
        "P336",
        "P337",
        "P338",
        "P339",
        "P340",
        "P341",
        "P342",
        "P343",
        "P346",
        "P362",
        "P363",
        "P365",
        "P372",
        "P378",
        "P379",
        "P383",
        "P384",
        "P385",
        "P386",
        "P388",
        "P389",
        "P390",
        "P391",
        "P394",
        "P401",
        "P419",
        "P420",
        "P422",
        "P430",
        "P431",
        "P441",
        "P445",
        "P446",
        "P456",
        "P471",
        "P472",
        "P475",
        "P482",
        "P499",
        "P510",
        "P519",
        "P526",
        "P540",
        "P544",
        "P572",
        "P573",
        "P581",
        "P583",
        "P584",
        "P596",
        "P601",
        "P602",
        "P603",
        "P614",
        "P615",
        "P616",
        "P623",
        "P666",
        "P719",
        "P752",
        "P753",
        "P754",
        "P755",
        "P801",
        "P810",
        "P848",
        "P851",
        "P869",
        "P871",
        "P890",
        "P891",
        "P895",
        "P896",
        "P899",
        "P900",
        "P903",
        "P904",
        "P934",
        "P936",
        "P955",
        "P956",
        "P975",
        "P976",
        "P977",
        "P978",
        "P979",
        "P983",
        "P985",
        "P986",
        "P987",
        "P992",
        "P997",
        "P1008",
        "P1009",
        "P1020",
        "P1061",
        "P1062",
        "P1063",
        "P1089",
        "P1091",
        "P1094",
        "P1095",
        "P1105",
        "P1147",
        "P1166",
        "P1169",
        "P1173",
        "P1175",
        "P1176",
        "P1177",
        "P1178",
        "P1179",
        "P1180",
        "P1197",
        "P1205",
        "P1206",
        "P1298",
        "P1328",
        "P1337",
        "P1374",
        "P1379",
        "P1384",
        "P1405",
        "P1426",
        "P1452",
        "P1475",
        "P1484",
        "P1485",
        "P1486",
        "P1487",
        "P1488",
        "P1489",
        "P1490",
        "P1491",
        "P1492",
        "P1493",
        "P1494",
        "P1495",
        "P1496",
        "P1497",
        "P1498",
        "P1499",
        "P1500",
        "P1501",
        "P1502",
        "P1503",
        "P1504",
        "P1505",
        "P1506",
        "P1507",
        "P1508",
        "P1509",
        "P1510",
        "P1511",
        "P1512",
        "P1513",
        "P1514",
        "P1515",
        "P1516",
        "P1517",
        "P1518",
        "P1519",
        "P1520",
        "P1521",
        "P1522",
        "P1523",
        "P1524",
        "P1525",
        "P1526",
        "P1527",
        "P1528",
        "P1530",
        "P1572",
        "P1623",
        "P1633",
        "P1634",
        "P1659",
        "P1660",
        "P1661",
        "P1662",
        "P1663",
        "P1664",
        "P1665",
        "P1666",
        "P1667",
        "P1668",
        "P1669",
        "P1670",
        "P1671",
        "P1672",
        "P1673",
        "P1674",
        "P1675",
        "P1676",
        "P1677",
        "P1678",
        "P1679",
        "P1680",
        "P1681",
        "P1682",
        "P1683",
        "P1684",
        "P1685",
        "P1686",
        "P1687",
        "P1688",
        "P1689",
        "P1690",
        "P1691",
        "P1692",
        "P1693",
        "P1694",
        "P1695",
        "P1696",
        "P1697",
        "P1698",
        "P1699",
        "P1700"
    ]
}